recovery_regime,net_label,random_seed,beta_pred,beta_hat_surv_50,beta_hat_surv_25,beta_hat_surv_50_median_boot,beta_hat_surv_50_ci_low,beta_hat_surv_50_ci_high,beta_hat_logit_ed50_surv,beta_hat_persist_50,beta_hat_persist_relaxed_50,median_tick_if_extinct,median_tick_if_survive,ratio_surv_50_over_pred,beta_hat_50_legacy_persist,ratio_legacy_over_pred
exponential,ER,10001,0.0278527163754995,0.048,0.048,0.048,0.048,0.048,,0.048,0.048,8.0,,1.723350762377452,0.048,1.723350762377452
exponential,ER,10002,0.027622878404742444,0.048,0.048,0.048,0.048,0.048,,0.048,0.048,12.5,,1.737690015380841,0.048,1.737690015380841
exponential,ER,10003,0.027875012958651798,0.048,0.048,0.048,0.048,0.048,,0.048,0.048,9.0,,1.7219722936523998,0.048,1.7219722936523998
lognormal (Tang),ER,10001,0.0278527163754995,0.048,0.048,0.048,0.048,0.048,,0.048,0.048,9.0,,1.723350762377452,0.048,1.723350762377452
lognormal (Tang),ER,10002,0.027622878404742444,0.048,0.048,0.048,0.048,0.048,,0.048,0.048,10.5,,1.737690015380841,0.048,1.737690015380841
lognormal (Tang),ER,10003,0.027875012958651798,0.046,0.046,0.046,0.046,0.046,,0.046,0.046,8.0,10000.0,1.6502234480835496,0.046,1.6502234480835496
power law (Tang),ER,10001,0.0278527163754995,0.044,0.044,0.044,0.044,0.044,,0.048,0.048,15.0,10000.0,1.5797381988459975,0.048,1.723350762377452
power law (Tang),ER,10002,0.027622878404742444,0.048,0.048,0.048,0.048,0.048,,0.048,0.048,13.0,,1.737690015380841,0.048,1.737690015380841
power law (Tang),ER,10003,0.027875012958651798,0.046,0.046,0.046,0.046,0.046,,0.048,0.048,33.5,10000.0,1.6502234480835496,0.048,1.7219722936523998
