recovery_regime,net_label,random_seed,beta_pred,beta_hat_surv_50,beta_hat_surv_50_ci_low,beta_hat_surv_50_ci_high,ratio_surv_50_over_pred,ratio_ci_low,ratio_ci_high,beta_hat_logit_ed50_surv
exponential,ER,10001,0.0278527163754995,0.048,0.048,0.048,1.723350762377452,1.723350762377452,1.723350762377452,
exponential,ER,10002,0.027622878404742444,0.048,0.048,0.048,1.737690015380841,1.737690015380841,1.737690015380841,
exponential,ER,10003,0.027875012958651798,0.048,0.048,0.048,1.7219722936523998,1.7219722936523998,1.7219722936523998,
lognormal (Tang),ER,10001,0.0278527163754995,0.048,0.048,0.048,1.723350762377452,1.723350762377452,1.723350762377452,
lognormal (Tang),ER,10002,0.027622878404742444,0.048,0.048,0.048,1.737690015380841,1.737690015380841,1.737690015380841,
lognormal (Tang),ER,10003,0.027875012958651798,0.046,0.046,0.046,1.6502234480835496,1.6502234480835496,1.6502234480835496,
power law (Tang),ER,10001,0.0278527163754995,0.044,0.044,0.044,1.5797381988459975,1.5797381988459975,1.5797381988459975,
power law (Tang),ER,10002,0.027622878404742444,0.048,0.048,0.048,1.737690015380841,1.737690015380841,1.737690015380841,
power law (Tang),ER,10003,0.027875012958651798,0.046,0.046,0.046,1.6502234480835496,1.6502234480835496,1.6502234480835496,
