endpoint1,endpoint2
1161,1353
101,1310
630,646
26,593
782,969
427,1633
655,1529
1324,1818
702,1352
1084,1575
812,918
1095,1677
331,1582
1567,1680
77,997
1653,1744
577,584
48,85
1042,1056
1465,1855
790,1541
1297,1915
48,1921
262,583
566,1971
5,1915
1073,1199
669,727
1257,1524
56,788
1330,1833
620,851
329,1809
397,1488
351,370
133,430
1014,1409
24,1653
657,1201
1257,1541
797,1885
1328,1972
1173,1419
101,1469
289,603
81,1315
375,875
349,371
916,1715
1114,1769
122,338
471,480
849,1416
341,1689
1252,1855
262,1533
181,1345
842,844
466,1404
767,1826
476,1547
588,907
24,216
1494,1736
758,1674
257,1870
145,147
898,1271
1190,1494
122,775
1375,1729
1091,1431
256,1939
128,1097
84,454
123,1119
934,1876
1107,1213
1062,1699
496,1654
1159,1388
121,518
215,1537
382,884
502,1108
1459,1928
614,1628
472,1095
1587,1998
1212,1822
1156,1401
1053,1931
1089,1270
763,1965
42,1161
915,1486
1847,1898
641,1704
859,1233
576,1048
388,506
1122,1638
1245,1407
1426,1962
58,634
333,1836
685,1094
615,1311
45,329
1253,1845
123,1899
419,1864
1348,1620
64,1701
373,795
18,954
433,731
812,1978
1518,1606
983,1513
1373,1586
98,1583
32,1259
279,1540
297,574
829,1959
374,872
51,927
270,1723
475,1106
613,741
1781,1923
365,697
264,759
463,643
113,1366
115,1211
1480,1622
1461,1919
724,1433
424,1178
1243,1461
896,1843
137,955
1771,1971
247,1494
1157,1868
347,1870
418,1837
328,891
579,1980
1004,1545
1419,1698
841,956
1291,1926
1188,1787
1468,1506
1117,1487
1487,1662
252,1426
274,740
306,1097
586,1430
620,1499
123,1211
403,1663
418,546
573,1170
331,1993
624,1923
1524,1741
1425,1628
574,1087
686,1774
1432,1773
450,1099
508,1090
297,459
1360,1588
1320,1948
343,1865
708,835
991,1617
323,1045
182,244
710,1392
240,1464
723,1403
1172,1722
253,1538
175,1483
393,1737
884,1615
145,1750
356,1282
491,873
439,1709
872,1976
826,1154
1535,1888
952,1762
4,927
605,1266
673,799
152,1708
62,1728
944,1725
889,1908
1083,1504
150,1445
1340,1688
210,572
181,1050
771,1524
362,510
106,1081
987,1925
191,1968
228,1253
430,892
644,745
692,1314
341,1142
776,1989
320,361
670,1410
1137,1283
1018,1329
1654,1896
2,287
52,1068
1468,1573
972,1760
63,1631
727,1617
1197,1973
423,1115
602,1535
343,1594
1600,1706
1315,1614
647,1676
1686,1731
991,1843
1207,1950
996,1512
370,1939
492,638
1804,1854
109,233
666,1248
1711,1963
673,1176
1449,1477
387,811
1803,1838
1183,1433
633,1950
564,1319
884,1345
1567,1965
1026,1218
22,475
464,1651
118,171
72,599
482,1780
1421,1678
34,805
117,1500
1605,1836
1776,1814
296,1603
912,1375
63,732
1090,1753
1213,1236
1224,1693
482,1116
1745,1833
1388,1888
591,1669
249,1548
737,1306
357,1489
42,237
56,409
334,714
1066,1564
273,1488
78,1672
640,905
634,948
1136,1299
1140,1350
423,1128
1128,1391
78,1007
1408,1615
1595,1663
604,778
1866,1916
458,1380
430,1618
318,1778
1001,1290
280,618
504,767
1389,1637
38,1001
223,454
1210,1640
925,1917
887,1511
1106,1322
1259,1789
443,774
683,690
163,508
689,1367
1525,1587
42,825
368,944
1057,1768
666,813
1313,1326
321,455
1509,1783
1352,1710
58,1525
828,1991
788,953
242,416
329,722
986,1526
1579,1764
136,203
380,1684
368,1549
1565,1960
116,620
171,1444
790,1491
586,1793
165,1984
915,1979
716,950
582,827
393,645
99,1212
1402,1448
736,877
662,1170
1717,1803
403,750
762,1581
1399,1680
174,1362
1250,1560
112,1618
127,742
262,1841
614,1144
702,1157
1516,1567
654,1947
885,1133
1157,1951
1530,1680
397,1828
403,1333
1277,1453
1742,1954
1031,1695
340,1999
61,472
773,999
855,1331
86,701
231,265
1415,1509
488,586
588,672
179,1578
941,1971
234,1472
376,502
641,1165
394,1144
1163,1798
551,1920
18,236
843,1352
929,1671
838,1158
1593,1797
580,973
324,391
497,1417
1092,1103
339,1576
642,1415
657,1206
241,252
77,1273
301,930
123,1091
933,1372
1555,1934
764,904
655,1317
1594,1892
924,1285
88,812
431,1831
477,1612
1351,1882
160,202
908,1368
148,1968
402,445
1273,1539
780,1551
1806,1893
790,1135
1086,1781
982,1027
1112,1183
1582,1977
303,346
300,1053
1643,1923
95,1456
152,1312
1181,1908
954,1305
463,747
906,1970
313,1593
776,1545
338,908
724,777
1565,1950
685,1404
127,1685
1449,1486
611,1285
614,1914
740,1202
346,1483
761,1327
112,261
692,1364
264,1065
436,1527
38,519
431,1473
340,1935
831,1666
938,1656
67,1031
341,1816
124,1135
340,1845
787,1888
277,1362
944,951
560,880
617,807
1380,1826
914,1221
428,1565
479,1940
161,915
121,873
166,674
20,985
398,778
784,1260
535,1147
1105,1487
172,1316
190,1284
1195,1766
790,962
705,1586
888,1596
1828,1896
710,1537
1737,1915
524,1556
259,969
1,1652
990,1222
298,442
520,1472
421,883
571,917
1273,1637
425,1219
893,1467
825,1867
126,881
735,1283
29,1250
452,1292
623,1453
466,1335
823,1054
714,1549
390,454
1441,1961
937,1579
1108,1228
519,1222
1127,1552
919,1748
1433,1582
95,438
828,1708
341,1466
850,1301
54,289
496,1842
1105,1889
1732,1893
789,1448
211,1777
1331,1879
90,397
1248,1886
810,1979
162,1324
1771,1933
259,1832
1111,1143
171,1186
370,1259
1478,1917
93,186
198,573
1024,1443
637,1275
442,881
35,280
102,1102
142,955
192,318
251,1889
1006,1444
1575,1846
1620,1704
606,987
196,1986
590,1324
167,1885
1515,1676
475,829
1205,1379
1486,1715
201,1096
582,1484
1541,1806
403,1008
1559,1958
457,1859
712,1567
635,694
363,870
710,1602
478,1611
236,1193
644,1566
1333,1372
893,1343
406,1243
755,1652
350,1444
677,1523
270,662
658,1203
1571,1919
1496,1711
873,1781
345,1935
740,741
48,949
726,1216
1393,1395
1260,1690
181,1743
511,1333
29,1157
1229,1451
1775,1854
672,818
878,1237
205,227
842,1947
330,782
610,1877
34,1907
220,462
296,1833
661,1817
876,1269
1446,1881
349,746
247,1243
253,337
1520,1819
752,1332
4,303
589,1133
320,490
1014,1498
19,76
175,360
6,1919
1046,1736
445,1247
331,1810
80,1924
790,1089
1197,1550
563,1445
1262,1566
29,1689
545,1932
827,1184
1191,1855
328,438
312,1997
1610,1782
1523,1771
934,1410
1288,1293
1679,1805
61,316
144,1646
921,1737
606,1501
171,622
199,729
932,1350
1625,1916
521,1012
151,462
393,1610
291,1631
232,1749
775,1040
616,1515
250,1971
1264,1836
489,1544
153,459
91,1516
1690,1878
1078,1177
661,1039
476,1394
1622,1755
222,810
1326,1366
40,777
1208,1531
87,204
798,1795
132,1128
551,963
892,1925
1066,1933
145,633
411,814
1271,1425
1050,1761
1373,1782
473,1620
616,769
562,668
744,795
250,1009
181,1390
1270,1448
736,1222
1133,1670
583,1462
1507,1868
226,1011
182,985
212,1664
125,1933
503,1110
1666,1913
1309,1879
1166,1933
515,1645
683,1178
80,1046
146,516
1156,1613
362,1151
924,1573
768,1823
1008,1813
1478,1903
574,1788
551,1543
929,1940
1075,1745
851,1073
1575,1745
509,1689
702,803
506,1810
81,1221
396,1913
284,1142
43,817
578,1292
1402,1438
911,1893
951,1253
1767,1960
97,794
1363,1457
375,916
318,452
479,1980
574,1725
946,1851
167,1039
1645,1710
587,949
518,1783
25,361
93,1640
1667,1961
743,1088
393,1396
1078,1758
274,1077
725,957
481,758
410,1304
977,1780
238,1234
1865,1896
975,1496
304,691
1228,1791
549,1309
1327,1769
1025,1720
884,1884
1251,1750
540,1608
1512,1859
938,1790
1124,1781
645,915
938,1171
525,1234
1289,1967
1680,1798
230,1607
179,1879
588,1210
155,966
549,1074
871,1770
482,1206
971,1936
757,1414
896,1728
825,1399
1105,1316
905,1130
1450,1763
532,1346
8,925
116,1167
1339,1365
68,1961
1651,1759
505,1195
903,1852
679,707
676,923
55,277
772,1775
473,518
398,1977
1212,1645
636,1896
1108,1700
481,718
70,1267
382,1978
1581,1908
836,936
324,1627
258,1719
677,1914
347,1414
1438,1648
1147,1979
1387,1901
1020,1365
1410,1797
460,1553
416,1535
311,468
466,1461
1038,1807
707,1326
463,1376
913,1180
798,1611
1743,1952
384,1055
1206,1844
75,1241
540,1304
395,1904
120,641
726,1087
734,794
41,762
1372,1403
399,1536
1230,1977
1313,1689
1197,1510
244,960
1429,1909
147,1946
541,1759
1974,1992
59,1746
318,1638
201,1948
729,883
1562,1661
1900,1973
18,1242
492,1663
199,1299
900,1319
1289,1600
497,999
1358,1693
596,1997
129,988
409,1870
1204,1631
323,1541
1742,1850
228,1043
117,1767
501,1829
1062,1319
630,1972
423,1465
295,967
458,1719
547,1124
541,1306
962,1795
1139,1993
483,1313
22,113
461,1744
160,904
441,1103
567,1668
841,893
417,1686
1249,1775
129,706
650,1690
1134,1414
471,1304
49,1009
234,1907
311,1378
768,1736
200,853
727,1986
873,1775
654,1269
741,1586
1558,1707
1893,1906
33,1385
896,1367
454,1488
349,359
1770,1925
422,903
973,1674
823,906
908,1780
722,1450
314,1878
324,1135
301,1769
536,632
1129,1573
737,1874
337,928
320,1564
12,513
434,1321
224,1553
332,726
168,1001
18,1799
410,1866
532,647
802,1701
331,1775
39,1993
324,368
964,1190
657,817
1111,1898
370,1420
451,917
40,1104
90,993
1630,1743
41,1116
794,878
4,1978
806,1355
1691,1883
1160,1979
447,1425
299,580
1137,1899
1281,1308
1414,1808
1147,1336
280,1202
438,1009
627,1904
1025,1329
626,996
383,463
912,1231
644,1115
730,1157
1081,1185
445,1744
431,998
28,1500
97,983
47,361
1053,1829
1303,1549
152,508
56,1820
495,1307
15,1229
720,1451
479,1618
170,1015
1360,1729
28,754
415,607
429,1547
430,536
95,725
1460,1692
533,810
259,1952
368,1590
224,726
1027,1705
1259,1923
68,640
1090,1925
234,1744
1116,1877
1158,1854
413,1145
1534,1833
892,1577
18,676
542,1556
1045,1845
909,1654
513,642
897,1849
388,1374
374,1280
4,1736
38,1566
906,1803
1442,1819
593,1154
1839,1935
1563,1848
743,1274
53,1152
966,1583
59,1401
769,1411
403,1461
661,1282
305,1734
1343,1408
1032,1526
834,1238
469,1866
1434,1611
1133,1313
204,1021
752,1684
1208,1323
621,1937
1146,1237
106,1493
754,1534
135,443
1644,1771
804,1559
880,1119
719,935
413,1789
80,535
626,1491
172,1276
699,1842
1139,1184
1601,1767
477,1057
349,1414
1891,1995
178,1312
1020,1828
1018,1317
924,1957
79,1421
1046,1738
1496,1885
522,1477
713,1952
792,989
583,1946
169,1636
1057,1472
775,1584
1398,1862
982,1806
1058,1909
680,1861
329,525
166,1260
541,1714
122,493
197,700
1022,1242
679,905
956,1777
1594,1841
47,1221
796,1499
1446,1447
459,1821
1168,1662
1563,1827
346,600
1558,1965
323,822
161,1603
566,1770
1160,1286
478,1751
782,1091
1008,1046
381,615
689,1985
1947,1949
671,1374
219,304
701,859
340,1683
816,1900
807,1812
41,677
1877,1968
280,1529
1244,1583
135,763
58,505
421,1861
353,1660
161,1911
899,962
67,1295
638,1479
776,1005
457,695
972,1588
12,872
796,1985
204,393
315,1858
331,1967
488,1169
949,1864
881,1826
863,1312
958,1203
1813,1967
533,1958
448,519
198,1038
29,615
576,1221
280,1223
875,1415
65,1996
1185,1387
268,622
1336,1757
1664,1726
1130,1384
1495,1948
1533,1742
406,536
525,1636
618,1105
5,1033
1513,1761
439,1741
797,1229
98,766
123,868
333,1153
1049,1433
1835,1975
10,344
471,1636
532,1903
1621,1781
934,997
86,539
382,1326
953,1561
950,1400
1142,1430
1269,1377
1771,1783
547,1640
1367,1802
535,1934
936,1555
1296,1600
988,1418
78,1979
1300,1342
3,604
263,1877
215,1707
1544,1828
965,1990
984,1624
1652,1893
1291,1597
142,1293
635,1892
135,1681
315,857
405,1792
641,856
154,1951
615,1825
7,242
174,1888
266,1236
466,686
1801,1875
1221,1921
1188,1552
182,939
710,991
756,1434
209,383
885,1387
224,1423
1451,1458
662,894
1080,1569
468,649
988,1793
575,1755
233,758
335,528
772,1424
866,1669
1606,1783
459,1706
874,1521
1011,1819
249,1011
1357,1404
577,1889
789,817
566,1404
566,695
78,1165
1119,1926
378,971
1403,1996
112,1674
1626,1783
625,1065
230,1690
1333,1424
792,1879
1135,1990
1384,1821
225,703
594,1578
219,833
448,1612
548,1855
855,1246
309,994
664,1715
282,1591
578,1237
774,1631
391,1858
403,1101
264,889
1502,1653
112,1203
496,1887
757,1214
1290,1536
1231,1867
983,1037
868,946
1059,1471
659,996
187,1613
1422,1868
327,1952
648,1047
317,1703
444,1027
994,1254
1633,1704
576,1392
249,804
1240,1977
1453,1826
8,794
214,1310
661,1795
874,946
868,1149
1111,1194
1476,1505
801,1532
706,1568
1512,1733
838,1527
578,1616
1116,1716
970,1795
458,1819
1165,1387
1258,1652
604,1569
213,1827
1145,1944
1070,1630
359,1317
494,1118
742,1259
1329,1439
167,1272
318,1195
1571,1621
1635,1896
1558,1740
25,1362
63,497
114,440
1409,1552
471,636
1308,1699
256,1460
1436,1875
452,968
1646,1892
861,1892
1354,1398
815,1657
260,1336
161,198
1647,1883
543,1119
1462,1760
478,1851
1211,1317
656,1575
1182,1999
321,1157
556,1232
1829,1961
342,1446
232,1033
782,1043
874,1323
904,1065
328,962
104,1954
907,1321
1216,1964
146,307
374,1202
396,573
480,998
119,159
947,992
380,1426
971,1092
342,1848
1155,1222
1082,1848
780,1450
196,514
361,1188
926,990
749,1193
1141,1620
1803,1984
305,1632
89,1224
1480,1495
473,1577
222,494
405,985
307,1798
482,1752
1152,1609
138,1861
509,1962
564,1918
1434,1532
25,957
413,1370
327,1508
264,511
792,1226
886,1395
1678,1813
821,1965
863,1632
1168,1724
241,536
264,905
662,1826
521,1343
574,692
268,1159
1406,1643
1732,1973
1229,1776
1288,1897
51,1062
1587,1645
854,1286
1489,1858
1106,1408
339,716
320,1146
887,1015
500,838
1216,1710
1366,1697
1263,1978
316,458
1155,1392
499,1813
1246,1975
808,1906
1238,1974
814,1962
191,910
1038,1568
116,733
907,1587
443,918
1082,1823
1125,1745
1613,1871
431,810
336,1444
1078,1574
251,1589
211,1756
38,810
1463,1936
129,1757
1255,1376
119,303
1511,1677
1322,1959
258,1487
874,1454
458,711
144,153
436,535
24,1382
136,598
655,1949
1852,1905
291,663
1441,1701
211,1362
754,1145
291,650
900,1804
1192,1211
429,1376
145,782
624,752
693,1451
105,860
1165,1672
85,333
1499,1622
805,1364
177,400
1501,1877
922,1552
471,1949
53,211
153,1383
822,1188
1180,1185
636,911
1027,1396
164,701
79,140
205,439
253,473
1631,1946
559,645
296,1357
1456,1612
50,1498
1140,1984
403,1560
1327,1496
664,1958
552,1353
529,1801
1045,1975
626,1819
246,258
170,1133
836,1168
408,1638
665,1133
103,253
408,1710
76,1850
1108,1128
482,1679
621,707
905,1322
710,1734
267,346
1822,1909
407,589
1301,1901
228,1141
977,981
1035,1801
1135,1766
1423,1651
259,730
1141,1482
1101,1339
974,1427
371,412
609,1227
89,388
232,1844
642,898
8,1428
575,1760
123,677
1407,1733
796,1124
557,1485
1299,1494
1709,1741
379,1036
1779,1836
438,1667
482,1820
1412,1891
1100,1607
777,1290
130,1387
612,1177
711,1617
106,232
42,723
1066,1501
369,1381
741,1897
1014,1180
620,682
753,1535
748,1597
1075,1366
782,874
433,1970
787,1309
249,1641
885,1449
370,1465
1617,1816
401,1245
507,984
429,1358
1329,1982
954,1185
1495,1933
783,1794
395,1395
333,1879
401,834
644,1207
692,1793
958,1138
776,787
266,1286
250,1354
265,662
1480,1490
171,624
751,1227
956,1395
255,1466
1711,1856
41,1843
1225,1793
491,701
1675,1954
406,1880
147,1945
952,1511
492,1044
136,1751
853,909
675,1592
38,582
516,747
614,1244
112,158
1778,1819
493,1350
838,1195
273,874
659,1034
412,1579
778,1031
901,1468
155,480
565,1228
1134,1454
1381,1605
1087,1557
652,906
665,754
518,1751
609,1873
432,1435
676,1444
870,1533
1318,1320
1186,1853
188,820
163,1155
585,1886
572,1843
1576,1807
244,1610
550,917
841,1796
650,961
310,1362
583,689
1098,1298
1577,1764
210,1997
1162,1746
179,991
1107,1496
1231,1555
197,655
748,1444
230,1426
536,874
579,1646
1531,1546
1134,1231
313,692
48,1705
1251,1928
165,1737
237,431
293,774
251,834
18,1952
1645,1649
995,1804
260,886
64,780
642,1085
248,344
848,1050
675,1287
149,563
451,858
774,1540
522,624
1245,1915
132,1664
1173,1836
686,1590
686,1769
5,426
964,1234
891,1701
695,1084
221,550
245,1637
748,1394
1198,1851
1204,1980
720,1368
679,1582
43,338
26,535
375,1574
801,1488
443,1961
584,1378
1177,1736
231,542
232,1466
209,479
1652,1955
18,1434
41,581
1365,1991
893,1311
111,829
355,987
310,490
673,1374
1254,1813
464,1544
1203,1295
16,1454
240,903
763,1188
27,289
472,1761
870,1614
155,1701
1075,1572
55,1118
909,1102
120,1383
1351,1431
1080,1113
703,1212
460,1058
490,1754
801,1158
597,625
1227,1832
1447,1679
1477,1781
499,1959
1136,1418
1032,1249
215,1260
1854,1991
461,1858
1085,1788
927,1513
1787,1879
771,896
21,1466
239,667
1744,1841
1060,1222
130,1826
518,817
162,599
751,842
1256,1587
590,1481
1480,1778
453,848
173,1337
737,1303
348,864
516,1110
626,1952
699,1688
1947,1979
1615,1964
1302,1877
976,1145
773,916
468,625
535,770
1164,1568
168,618
195,735
1004,1440
1071,1336
137,977
698,1143
75,502
43,1778
167,822
696,1015
42,135
208,488
316,431
1045,1852
675,1989
575,1506
106,1237
127,1272
853,1967
166,1499
332,1769
1610,1829
649,1719
790,1535
845,1736
432,563
367,1807
496,1638
1038,1078
137,1857
65,454
785,1544
873,1164
788,1535
758,1242
80,711
796,1446
202,1690
1864,1932
629,1204
112,271
362,1116
121,1529
554,1979
2,820
431,1204
1373,1917
606,1852
223,1379
264,1504
250,1151
460,722
1360,1381
861,1487
197,1716
747,1347
97,1767
709,1610
1251,1672
144,881
1499,1521
749,1336
520,1013
439,820
297,515
70,1716
794,1913
302,629
595,1960
717,876
530,1216
1500,1751
237,1652
133,855
1341,1729
486,1133
608,1007
0,738
57,1083
938,1367
140,1280
977,1642
777,1953
242,597
692,788
1023,1089
1281,1380
1615,1930
229,1741
817,1931
1012,1294
485,600
679,852
508,729
123,391
466,997
1308,1855
678,1730
1257,1336
1876,1916
546,1172
255,312
434,1617
644,898
107,893
701,797
290,1888
860,1716
923,1772
622,1703
155,614
813,1362
64,1091
849,852
1074,1386
835,1490
234,1811
1150,1990
327,1179
215,1944
119,1276
1482,1651
691,846
1657,1658
239,1740
276,1630
1045,1299
520,883
633,1966
31,732
777,969
154,1447
236,1086
28,1888
521,1014
647,684
528,592
560,601
1476,1630
377,1547
419,1327
1441,1778
237,1943
1514,1920
627,1298
1110,1541
417,1072
280,1795
1331,1948
1027,1358
1575,1654
1509,1751
929,1821
812,1287
255,405
752,860
318,595
600,1308
327,1602
193,587
1666,1798
191,568
14,277
27,139
1026,1416
1477,1551
617,999
639,1240
902,1094
138,1872
620,844
437,1300
173,1138
1531,1971
54,1467
40,1386
211,481
1085,1209
380,487
1179,1544
218,223
192,1561
1120,1958
164,1335
1079,1296
229,936
428,1409
27,704
13,1797
1270,1583
940,1609
631,729
367,903
513,1294
1724,1891
307,552
1801,1954
128,488
883,1694
787,1765
1825,1994
549,614
291,896
422,1491
810,1862
109,1009
523,1210
48,634
343,1611
319,1050
533,1346
387,479
945,1657
180,478
999,1530
482,781
767,1229
1264,1619
1268,1429
1289,1557
168,866
1071,1918
1542,1833
303,1353
364,425
121,506
687,1282
1360,1832
247,261
168,459
32,627
800,1756
287,1684
1510,1841
1223,1388
305,1989
1849,1971
1248,1579
904,1225
1042,1894
1134,1299
607,1959
721,1216
614,1705
105,649
23,540
1378,1549
364,1105
64,1928
365,671
494,1538
1515,1898
1070,1856
938,967
904,1255
1479,1839
574,1318
34,713
532,672
183,1364
1196,1468
659,921
1530,1956
26,97
1133,1194
901,1203
1243,1562
221,941
382,1932
643,1746
447,711
265,702
289,1971
529,1624
1423,1434
657,964
358,1874
1233,1413
61,117
853,1629
976,1506
655,1762
642,1905
218,419
340,1387
13,1884
594,1544
1596,1740
593,1676
406,965
53,1717
62,849
1206,1494
334,841
1593,1801
758,1455
1212,1987
799,1102
1057,1177
1233,1243
112,232
942,1810
1112,1913
834,1696
15,1562
775,1720
577,1358
517,903
1616,1842
393,462
161,947
532,905
217,946
1397,1878
247,763
749,1278
24,1604
102,861
1100,1206
340,662
1242,1726
1314,1782
228,1039
1293,1566
863,951
1096,1586
684,1067
558,1430
897,1893
435,649
180,901
1030,1744
398,557
480,901
808,1738
54,954
31,1151
673,753
1761,1872
1148,1842
691,1169
1282,1676
668,1626
719,1484
912,1230
1028,1581
768,1198
279,1798
1053,1510
414,1585
361,1320
433,793
179,492
793,1948
89,1569
320,1226
642,1954
719,1221
799,1664
180,650
476,794
196,1174
808,953
191,1094
233,1697
1612,1654
962,1471
393,1901
897,1230
599,1961
162,410
1255,1646
145,1793
417,1024
750,1650
1111,1921
866,1039
145,1649
457,1600
1617,1661
1117,1994
730,1567
461,1521
220,802
182,1151
766,1338
1182,1831
666,1194
578,1011
1274,1534
1247,1761
385,844
1014,1755
1626,1719
1220,1488
791,1605
198,1667
783,1693
40,1746
150,1232
824,847
1351,1753
325,1247
21,793
692,1654
1540,1625
1045,1208
420,1872
1393,1737
159,1995
480,1727
260,1174
386,1309
745,1635
408,947
1355,1625
664,939
648,1913
5,1095
867,1530
887,1999
290,1784
1429,1941
1596,1914
65,1386
574,1609
17,297
720,1933
23,1122
349,636
26,1422
203,1945
302,1675
230,1036
921,937
383,1422
665,1980
519,1451
68,270
775,1748
540,1984
10,371
288,1581
1410,1732
295,1168
41,256
289,1892
388,612
273,619
588,1281
546,941
141,579
190,1263
1372,1824
245,617
1557,1797
393,1076
1471,1814
711,761
571,1306
1702,1957
947,973
924,1482
549,1731
990,1918
742,1955
450,1903
301,1620
1586,1596
641,827
262,1394
1018,1360
86,1375
1449,1875
1132,1609
33,462
966,1701
654,1318
1185,1461
134,1070
1133,1634
589,1641
701,1562
955,1807
351,550
558,717
442,938
134,1908
1126,1731
1145,1259
1323,1977
1634,1909
0,520
244,515
1640,1857
920,1699
923,1048
1522,1763
1007,1728
1161,1957
673,1095
793,1269
628,1912
441,583
452,1579
774,1740
1431,1699
772,1623
312,528
1059,1817
411,1821
487,1092
1106,1936
698,1787
406,890
796,1219
759,1264
256,1533
949,1123
921,1042
1383,1704
52,578
1294,1756
707,1468
1180,1598
128,1639
840,1346
961,1974
1335,1366
708,1926
114,1860
1154,1255
1440,1527
648,689
452,616
91,252
553,1426
1501,1669
1197,1346
1256,1737
22,1042
684,1697
335,1817
692,1692
274,1838
114,1602
1436,1500
1000,1004
1009,1752
290,1544
782,1157
1492,1511
308,604
477,1846
791,1399
328,1405
378,1846
131,472
1782,1970
589,1924
976,1637
1069,1612
1633,1997
1349,1718
540,1634
1016,1952
874,1205
1669,1682
636,1785
19,1968
1107,1811
356,999
991,1011
440,921
143,685
1022,1661
73,216
1848,1978
539,927
1549,1978
1023,1097
1139,1717
436,1331
613,931
789,1513
511,696
926,1045
518,1341
137,1149
1070,1513
1626,1636
556,797
1340,1369
1343,1672
488,1224
791,1791
1064,1893
683,1637
952,1243
1886,1895
98,391
828,1779
341,1623
258,1933
17,948
1031,1749
1722,1968
997,1545
1220,1228
993,1523
366,1079
478,1722
1113,1375
1513,1867
187,1924
1475,1991
1040,1622
233,715
575,891
285,1277
120,460
237,674
813,1825
523,1884
433,831
49,1260
684,1162
1071,1906
875,1480
403,985
1406,1686
230,1718
1064,1195
738,1691
913,917
217,1414
534,1657
201,1480
111,1454
511,1273
245,1658
502,1317
1431,1501
88,1005
323,1617
662,941
1661,1845
1355,1983
26,794
372,856
901,1965
40,455
307,1317
181,787
693,1757
494,1522
1291,1659
1340,1804
983,1255
591,1540
713,1252
133,494
294,649
26,513
1908,1924
924,1638
214,1398
574,1371
776,1581
1361,1697
1293,1674
876,1434
1024,1803
42,413
305,1888
70,955
761,1070
123,490
1356,1613
1133,1555
1256,1796
166,1570
421,906
1473,1658
1056,1730
335,882
179,793
142,477
1228,1757
595,1404
767,1095
136,228
1794,1984
356,1845
148,1220
697,991
485,1011
1121,1887
391,929
755,759
191,1062
442,761
311,1748
904,1507
529,820
920,1031
969,1114
312,584
381,1270
1418,1699
790,1533
677,837
1028,1317
90,1134
101,1622
426,861
84,519
513,1000
1581,1961
199,827
1272,1318
137,1393
1368,1923
973,1125
730,1288
905,1030
237,963
247,1016
1196,1810
348,929
947,1227
558,1157
2,791
944,1494
696,1453
373,1881
1118,1390
80,457
559,795
907,1643
476,1295
892,1037
1489,1933
261,1273
140,1477
200,980
100,1723
1146,1262
102,1514
884,1846
380,1755
141,1638
1814,1996
69,724
895,1385
915,1741
694,1141
524,618
727,1503
100,377
601,609
61,86
1000,1942
806,1702
814,1734
514,760
1233,1675
321,894
459,1873
87,1297
50,627
436,1315
77,1650
17,1647
90,1684
1682,1847
1123,1645
223,854
205,1044
18,1661
952,1104
814,1392
283,1487
421,1782
1195,1820
469,578
803,1926
1062,1217
17,790
358,1704
385,591
195,482
573,915
1433,1635
765,1089
1220,1729
1287,1835
307,1120
1504,1785
350,1469
470,1252
138,1014
31,1904
552,1007
321,541
447,1561
730,1982
1585,1797
977,1823
258,1186
1423,1932
411,909
789,1764
320,1874
1197,1860
1947,1960
53,1505
1034,1299
1531,1687
221,711
626,654
842,887
346,1533
1784,1969
956,1660
588,753
1053,1856
896,1993
243,731
648,816
867,1392
938,1706
1069,1163
686,891
1041,1718
1222,1358
312,466
242,642
477,1654
709,1210
1376,1972
84,1777
275,1331
332,1103
782,1904
467,1829
1077,1345
895,1233
1077,1257
379,686
1465,1839
1618,1725
173,1688
642,1045
177,1388
639,1247
998,1704
552,1866
417,1630
1179,1481
520,1639
649,830
728,1026
327,1261
1721,1790
207,1560
446,1280
1025,1642
885,1080
676,1736
323,1548
574,758
680,1206
302,647
1096,1403
1338,1617
1502,1853
395,554
33,1762
307,998
228,1321
105,1809
1699,1964
580,1523
497,1243
665,1690
1764,1766
433,1590
556,1826
1651,1942
530,748
707,794
939,1150
165,1711
523,995
185,686
1196,1829
1443,1738
991,1250
529,1699
123,1992
716,1822
657,1692
138,1412
326,1068
462,1133
505,1943
59,1882
789,1255
891,1634
129,1734
655,1996
1461,1802
614,1488
230,960
518,1742
213,385
1281,1323
503,998
904,1339
277,569
103,1974
1401,1794
931,1150
1712,1886
1476,1521
1172,1369
1803,1820
618,1665
181,1967
28,1426
703,1331
997,1550
165,1955
736,1374
623,1600
1491,1941
509,1191
238,1881
1687,1961
427,737
1308,1335
90,1828
1020,1359
1071,1915
723,1073
1123,1128
57,758
173,237
1249,1367
184,274
1159,1471
249,506
278,1477
408,577
81,802
108,891
341,1733
147,962
114,1112
798,1722
79,1704
573,1879
1243,1663
84,1395
980,1223
125,1781
253,594
928,1918
1405,1744
1409,1848
148,1823
1430,1500
955,1338
1305,1753
253,705
340,1685
1597,1626
912,1674
834,1679
450,1817
1150,1712
190,338
246,1758
84,611
70,1964
745,1641
994,1559
369,1135
1060,1415
54,1401
78,986
118,771
483,1973
752,1130
1102,1612
1047,1298
1272,1790
630,738
442,612
507,1981
740,921
71,1125
710,1070
523,878
652,1984
1032,1787
635,1850
754,1488
1340,1832
1332,1939
383,549
177,1087
1451,1859
794,1994
337,1246
1803,1902
306,1737
76,1646
66,1879
914,1327
758,1547
1296,1778
254,1901
1107,1373
311,1431
335,1413
428,1043
1430,1723
50,662
1749,1859
442,513
1569,1802
523,1415
647,1202
66,322
1280,1667
1313,1766
1554,1677
84,391
436,1671
754,1255
682,1799
889,1192
1331,1510
575,1894
1111,1815
670,1021
893,1301
1070,1529
297,464
1312,1858
860,1326
844,1240
545,1759
983,1516
828,1225
1209,1326
166,1091
649,1028
433,1804
780,1073
1330,1939
1019,1615
747,904
650,1215
1633,1646
1123,1883
739,1043
573,892
1526,1882
85,496
1325,1865
186,1436
1463,1870
841,1507
579,1531
1004,1857
281,1034
44,825
388,785
1508,1908
16,282
13,1713
285,1271
835,958
21,1843
642,1443
1075,1382
632,1528
847,1265
1611,1912
692,1420
678,1788
943,1911
21,722
263,395
121,1726
492,1037
768,1925
997,1697
527,1969
142,1180
1205,1230
585,768
409,531
1301,1395
231,1547
1116,1652
310,1480
895,1500
289,705
120,1686
475,1918
808,817
234,832
896,1097
549,1874
649,1743
491,1701
422,1318
844,1905
286,340
113,1217
552,859
297,1240
98,1604
17,262
556,1590
507,1797
425,1263
1053,1209
1572,1868
623,1155
970,1843
870,1787
510,1999
535,1295
878,1273
633,1945
631,992
993,1950
308,1326
1338,1602
198,1160
317,1378
1860,1883
676,1175
744,774
285,942
223,608
73,171
945,1675
226,908
610,824
1667,1732
582,1721
347,883
933,1517
553,1884
1557,1952
389,573
223,1060
967,1035
327,1944
1288,1477
1487,1675
740,911
563,1195
964,1300
399,1881
167,264
1313,1355
303,476
437,1606
1529,1783
465,468
1179,1210
271,755
50,1406
763,1406
221,1883
606,1542
571,1033
253,1592
424,1770
332,815
611,858
742,902
1044,1232
1197,1489
948,1682
494,525
832,1322
909,1703
1255,1449
890,1042
946,1521
509,1632
1352,1653
138,1202
1496,1993
779,1736
425,1794
436,1130
110,1635
1801,1815
146,1301
841,1054
1024,1094
1440,1475
1122,1807
835,1699
23,1138
361,1209
450,1671
1559,1803
207,274
92,1569
443,1743
837,1043
127,959
70,715
833,1363
1486,1647
1359,1399
625,959
572,1323
385,1879
619,1163
1360,1992
320,1253
69,1591
964,1889
119,1421
606,967
486,1295
172,1207
524,1766
1732,1740
12,1278
1413,1631
102,1828
975,1434
281,507
374,412
1036,1661
1073,1294
661,1349
1380,1845
746,842
163,1807
589,1677
10,158
744,1370
1802,1945
676,1474
1764,1803
1079,1275
132,1539
93,532
148,1256
672,752
558,857
534,1218
60,1762
1621,1788
341,365
878,1201
891,1018
975,1057
1326,1685
343,1180
60,1820
48,765
955,1666
585,1755
881,1751
1187,1817
1033,1451
764,1916
7,52
874,1670
400,1338
53,947
491,1694
90,251
1507,1630
61,900
1378,1840
574,1232
540,1267
374,1339
850,1142
1353,1417
943,1053
129,255
149,1441
1053,1633
1207,1706
1219,1563
18,1055
1033,1631
769,959
293,1937
1129,1183
440,1911
856,1432
95,1498
822,1968
189,626
295,1793
1460,1556
106,798
1671,1815
7,102
570,1814
369,1306
508,1308
1174,1345
251,1158
382,496
325,1351
62,1252
49,740
644,1606
305,988
1103,1622
427,1046
730,1392
1300,1525
604,1858
1242,1895
1291,1846
353,1720
1060,1585
1139,1454
909,1387
1310,1331
1291,1975
1314,1958
1551,1748
258,731
663,1262
666,1338
565,1777
581,1707
1084,1457
665,1680
34,458
498,1183
231,311
1097,1941
1094,1772
989,1578
1213,1620
1634,1705
1098,1495
510,1939
1160,1443
1569,1760
951,1255
465,1604
91,450
433,1822
450,1082
426,457
1235,1656
328,1571
229,1885
1152,1372
147,1334
1055,1183
630,1616
1291,1602
1163,1272
1140,1846
202,1269
1253,1760
542,1329
948,992
811,822
916,1587
328,1769
300,1126
376,854
551,1405
390,704
312,1313
3,1393
107,533
60,1372
477,1268
675,681
675,1769
88,615
325,904
498,990
759,816
373,512
1348,1932
239,872
724,840
570,674
273,1194
410,1725
903,927
241,602
114,1039
217,1525
329,965
179,863
1834,1938
644,1483
541,746
1423,1573
207,1763
5,284
572,1824
337,775
203,745
863,1543
293,1270
1768,1884
889,965
272,495
582,1204
46,726
280,1627
837,1800
1187,1227
1151,1210
525,1028
1497,1736
769,1076
194,1228
919,1831
235,552
186,872
1442,1484
1522,1950
1552,1830
1023,1551
305,383
840,1276
447,1643
134,610
1563,1829
647,1918
1221,1885
200,398
522,1714
474,1496
624,723
1055,1345
1479,1764
1611,1691
1471,1500
73,437
752,1470
1506,1517
524,1052
796,1352
21,1351
789,880
466,544
956,1619
387,886
902,1453
525,1375
410,1619
530,843
1237,1727
311,1421
294,949
687,1127
678,1800
1169,1819
862,1480
1659,1986
971,1851
62,1132
826,832
987,1040
22,151
490,503
680,1800
714,970
1294,1993
28,1561
649,1364
319,1399
361,1952
874,1475
342,1387
890,1451
1265,1421
646,1912
142,1395
217,1951
1064,1227
675,711
189,1314
1306,1355
828,1605
251,1498
21,1362
114,1218
39,570
642,1160
207,1253
1206,1633
164,805
55,1602
1277,1585
217,974
525,1516
3,1001
778,1206
1037,1335
556,771
1669,1720
468,922
276,1882
1362,1914
1407,1857
385,1625
890,1498
747,1744
758,1797
691,1987
7,1602
103,1462
39,777
835,1681
38,301
609,1318
476,586
1148,1224
798,1805
111,1675
798,1063
409,428
457,1500
216,975
463,754
636,1518
107,670
15,416
650,1719
178,1670
30,110
915,1044
858,1251
1257,1362
1003,1710
364,1793
106,1390
520,991
201,1837
1018,1674
666,1681
1256,1380
20,1766
123,1962
648,1910
985,1534
998,1086
559,990
705,1076
123,813
116,423
1117,1145
1796,1934
1442,1879
1327,1411
1007,1735
331,554
774,788
111,989
837,1288
1030,1259
17,1697
797,1499
856,1010
1638,1729
1475,1772
513,777
1261,1563
504,1586
903,1884
907,1603
154,652
171,611
963,1119
1456,1468
1060,1416
684,1057
93,1936
235,1831
41,1077
1166,1298
1121,1785
808,1468
1139,1990
1449,1926
15,1709
1208,1795
1668,1806
976,1705
130,1982
651,1813
1126,1844
740,1455
592,970
15,610
981,1540
387,1907
55,1121
411,1682
1286,1349
1471,1562
658,1260
181,1749
672,1856
648,1415
494,635
348,779
251,905
9,1509
719,1336
1226,1744
161,638
84,1741
1083,1265
1681,1832
461,1474
112,1271
758,1639
514,1712
62,1690
93,1078
43,962
109,126
138,538
519,1450
1516,1840
1173,1372
1124,1311
1879,1970
452,1377
424,445
796,1763
280,1590
52,77
315,381
188,829
1020,1368
1348,1568
373,797
263,1390
353,1573
246,1538
935,1180
489,1097
359,389
479,1945
1025,1570
499,1577
1056,1286
244,1668
1279,1351
526,955
731,1806
695,1660
498,757
1180,1489
341,433
1292,1346
1138,1806
1237,1298
304,388
126,137
161,1355
1115,1219
493,587
368,853
190,1623
1113,1828
308,510
113,1512
1517,1819
103,1560
598,1112
366,1446
266,1310
528,1301
1067,1122
312,628
523,1092
799,1136
319,1600
18,1572
68,1044
783,1925
956,1891
749,812
667,1254
307,1411
1709,1816
79,1163
409,1287
941,1917
638,758
324,1584
96,473
57,1814
701,1016
177,1626
328,1433
16,214
1238,1754
372,394
120,1044
233,1742
148,589
470,1117
704,1083
1131,1638
685,1745
483,1493
1137,1374
449,830
422,1913
1208,1959
986,1788
237,1906
79,742
209,698
564,1273
615,1228
363,1373
1148,1354
39,1790
279,565
1203,1623
1170,1753
42,153
834,1237
382,1315
49,1406
869,1687
1673,1933
1483,1689
374,692
624,1252
458,1808
1342,1857
322,635
594,1954
406,961
876,1339
1501,1518
340,1267
1187,1709
982,1118
354,1660
1238,1981
352,1040
250,1079
147,1040
1421,1871
377,900
357,1374
108,1660
244,1297
1159,1549
674,993
1407,1621
790,1015
1175,1727
461,1224
1107,1423
1374,1682
345,624
1638,1936
686,1390
424,1333
14,25
46,690
24,426
942,1398
1028,1108
35,864
1137,1800
190,1570
276,1056
1074,1539
288,1189
1025,1249
298,314
1196,1947
1473,1699
168,1618
401,1720
1203,1879
1060,1882
142,364
439,1006
1003,1281
103,1924
638,1610
717,782
414,479
348,1650
306,628
1053,1946
646,1412
236,1590
608,1472
56,1936
162,935
193,1862
23,810
302,602
1193,1992
677,1837
599,742
557,961
587,1069
1062,1292
798,1027
642,741
273,1806
575,637
169,955
598,881
1611,1974
1151,1634
291,1811
982,1917
1306,1438
396,1003
816,1480
1275,1672
1041,1345
1566,1872
27,426
352,1237
29,239
713,1262
894,1425
70,1278
546,1670
246,681
437,1313
812,1679
94,1671
50,1846
393,948
539,643
604,1687
426,1933
794,1438
248,1491
76,1800
1795,1915
569,749
994,1904
1042,1917
795,1260
921,1498
628,857
215,1599
297,1446
1585,1759
72,257
876,1343
1169,1548
140,713
540,1224
743,1359
70,873
1360,1954
932,1566
346,1699
742,841
504,1081
763,896
330,1083
715,1447
374,1854
352,701
648,1129
1206,1719
205,565
277,1431
790,1221
670,1581
185,188
247,267
109,1591
642,1574
666,844
15,1053
234,656
645,1826
329,1370
631,1357
154,399
1143,1303
343,1409
866,1903
100,1053
777,879
568,861
286,1806
1495,1577
1066,1165
1544,1950
572,824
78,298
3,874
917,1305
954,988
201,845
1770,1805
36,1390
298,1236
819,1411
1084,1791
95,1442
102,228
897,1499
159,537
1203,1323
135,1848
66,1399
1596,1650
574,644
360,380
6,1967
621,1350
764,902
360,777
1161,1226
14,611
1297,1361
78,869
69,1526
1615,1703
1,518
118,676
31,1939
1790,1845
700,884
211,698
282,1214
432,705
79,1478
1371,1665
1053,1412
355,1404
1245,1523
448,866
1656,1778
541,1723
470,1049
356,1467
135,1627
57,245
201,411
766,1867
28,898
603,1372
677,1899
1185,1270
241,819
81,1196
831,1734
645,1125
924,1097
407,1696
146,498
550,1432
365,566
800,1878
341,1239
146,688
619,1726
698,1161
912,1741
386,1459
730,1433
242,673
497,1289
428,518
301,1912
173,527
1355,1726
215,768
512,950
411,1790
645,1695
360,1525
361,660
651,1597
560,1892
872,1275
28,696
796,803
1837,1853
1042,1776
281,700
98,1460
211,892
23,1977
1313,1890
66,1105
763,1886
664,1987
836,1102
178,1844
549,813
359,1731
1566,1743
387,1250
684,1186
562,1298
818,1308
109,1715
1125,1332
392,1812
502,1629
547,861
760,944
948,1834
1354,1694
724,1618
75,575
1580,1652
797,1805
525,587
136,1147
1555,1749
83,1242
536,607
668,1119
153,1382
1176,1270
482,1620
215,1404
73,840
671,1333
613,629
103,460
1368,1403
1289,1379
828,1917
179,975
47,948
374,1883
82,1135
126,1257
1648,1965
1374,1689
262,1934
974,1653
1689,1875
843,1947
643,768
503,1491
821,1898
562,1411
544,1033
286,1204
1528,1573
251,1025
1058,1252
395,1831
690,1215
759,1926
321,1950
582,1263
713,1356
246,1443
407,1563
875,1789
138,282
342,514
780,1805
977,1732
354,617
1510,1982
123,1098
1123,1154
311,1858
175,402
367,1772
427,1640
350,727
1121,1879
345,1799
491,1164
1007,1734
436,648
33,1131
577,1787
187,1015
774,1600
297,1754
73,719
792,1900
610,711
47,96
1464,1990
403,1367
1211,1232
37,1218
750,1251
309,343
346,562
451,1988
37,758
386,1509
36,973
1305,1411
400,811
296,571
806,930
385,1082
420,1910
194,736
31,437
813,1730
751,1790
524,1059
1135,1721
225,236
875,903
1496,1716
833,994
638,1896
766,1106
251,978
115,1743
71,858
306,934
1386,1980
1335,1674
418,669
33,1019
1016,1794
1186,1423
288,548
770,958
170,1656
409,1546
244,1878
879,1914
1491,1880
270,1983
1537,1885
424,1650
1271,1702
841,1979
642,1622
620,1327
264,1173
147,689
754,1804
925,1709
175,1178
131,243
1046,1775
828,1079
80,1513
1169,1859
1587,1784
259,1860
233,783
166,277
79,1138
259,1179
445,915
636,1072
857,1318
1091,1912
96,1492
840,1228
47,1818
424,1935
423,946
957,1355
170,461
30,337
357,430
595,1599
180,276
612,1587
610,1986
257,775
273,930
3,57
1016,1467
6,1470
275,916
980,1145
1070,1087
425,487
845,1923
774,971
1460,1947
50,342
112,273
334,1710
1174,1582
1080,1184
818,1886
570,1996
101,566
1149,1889
999,1019
429,1546
232,1003
346,375
1065,1699
1660,1934
590,1027
1037,1720
185,219
1303,1604
1449,1685
12,1277
1798,1820
1330,1437
687,787
611,1746
622,984
1691,1730
992,1724
660,1555
1263,1579
716,1209
443,1189
808,1789
327,1298
1663,1797
16,1554
1075,1218
553,622
211,1679
8,299
745,1843
693,752
582,997
290,1831
431,1601
596,1467
552,1663
686,1486
495,1185
698,1410
434,1394
654,1920
34,1315
37,1312
628,1596
597,959
571,1268
163,1852
25,653
1020,1732
602,1129
500,673
31,726
1504,1769
157,999
542,1374
1122,1579
1433,1838
154,1944
360,816
461,955
78,1483
594,1535
1969,1974
860,1818
435,1041
1034,1109
251,1054
458,1475
1445,1581
337,1667
216,268
48,1916
570,1247
423,1292
372,1471
241,271
381,779
1726,1755
1113,1598
1174,1245
1347,1585
881,1593
604,1044
125,438
675,1972
310,1364
835,1570
452,1867
73,1320
72,1955
435,1253
625,1323
1110,1832
601,1248
220,1963
35,297
138,554
390,1458
79,516
1847,1928
364,1337
583,1904
1155,1867
1597,1790
997,1106
990,1933
495,523
1820,1899
1379,1989
188,1935
299,1779
1042,1082
560,711
27,1230
350,1942
670,1734
448,1653
1037,1705
4,1026
1386,1803
453,1454
443,1217
498,1570
771,1418
787,1824
624,1535
581,1007
15,973
422,1386
1262,1615
210,1247
371,1497
826,1117
80,166
703,1800
975,1829
985,1225
685,1353
69,272
151,876
689,1881
141,1780
732,1337
880,1349
821,1446
544,669
152,1460
295,589
118,1202
1618,1621
681,1514
55,469
476,1193
522,1044
188,1737
231,1113
901,1921
1425,1767
1561,1841
95,859
20,370
1815,1913
746,1741
69,147
77,1642
636,1411
486,846
482,1828
1014,1293
494,515
594,1963
1166,1509
1710,1977
974,1726
464,1158
229,819
20,68
61,634
1418,1920
1150,1583
886,1944
1190,1779
822,1012
491,1781
399,1154
1765,1893
661,1758
57,655
747,792
27,1499
530,688
679,1676
651,1618
606,1591
512,1873
1094,1137
1440,1609
1238,1360
74,479
748,1251
703,848
641,1359
1530,1888
41,1583
695,1232
1164,1753
1134,1317
548,872
853,1601
1424,1548
629,668
303,537
69,1444
328,1628
557,1776
323,839
376,1986
685,1830
647,1839
1389,1780
1052,1371
11,70
1414,1924
287,501
164,546
1774,1921
900,997
1234,1495
373,1749
59,854
1780,1812
632,1287
3,948
489,877
792,1569
1499,1560
806,985
459,637
1137,1390
1165,1310
980,1260
382,1292
485,1144
1100,1894
919,1083
8,729
552,1734
593,1950
634,683
56,62
353,526
507,1861
223,372
330,775
417,1707
554,1272
1,94
340,1893
480,1872
1205,1602
359,911
168,1599
149,725
170,1147
334,1574
31,1437
91,648
1498,1914
1495,1852
879,1964
1235,1460
219,1087
74,1206
556,1753
22,1621
467,483
122,1610
797,1674
1252,1687
246,1235
67,1730
301,705
647,1819
508,1880
1093,1657
35,1608
319,1626
725,1094
322,916
1582,1938
1313,1640
208,918
567,1153
165,731
1306,1999
453,668
1018,1350
1218,1815
437,1031
80,512
1,835
249,289
25,1631
1308,1614
181,441
408,1666
165,1100
865,1645
503,1529
189,614
2,220
1779,1818
21,1346
597,1244
1513,1780
1229,1774
520,1697
1045,1947
842,1846
1016,1240
355,1806
148,794
491,720
372,673
1478,1904
1625,1736
1107,1532
1348,1688
142,1250
1194,1856
589,1937
102,1933
108,1599
1091,1099
912,952
728,1723
307,1071
146,1442
31,1329
245,1296
360,361
1141,1228
637,1424
276,1573
906,1774
361,1726
812,865
1211,1294
1052,1403
669,1317
70,204
763,1304
754,1165
1068,1661
1208,1580
1372,1994
476,1441
125,145
926,1356
276,456
907,1238
688,830
829,1194
667,740
92,1310
234,757
199,779
882,1025
188,916
518,1569
436,720
271,411
409,1759
1271,1802
5,1119
1110,1146
481,1258
723,1956
188,1187
1007,1273
1504,1671
981,1168
501,1498
417,1651
445,1939
1324,1442
825,1116
747,1136
713,832
425,673
495,970
53,902
898,1743
1393,1549
739,1686
1818,1897
51,1321
874,940
1505,1534
449,586
240,249
1341,1972
874,1128
1045,1297
252,1594
845,1429
136,1782
1346,1639
1433,1741
1414,1539
682,1623
73,256
1119,1631
167,569
146,1182
975,1368
609,1084
45,299
705,1125
268,1329
654,944
1701,1751
30,1952
1153,1237
1329,1542
1693,1813
567,1863
138,1346
1454,1865
613,1112
478,1354
249,270
260,1432
290,1219
1554,1854
272,1965
1200,1551
1367,1792
400,982
168,1453
865,1529
1503,1543
1436,1654
542,1956
1772,1793
28,1226
280,974
266,1757
642,766
175,1058
1308,1776
195,1780
484,1959
1019,1227
16,1683
268,1192
1522,1903
779,1938
606,1678
384,843
780,1818
133,1657
835,1391
916,1743
515,1808
1125,1494
200,1327
583,875
657,1466
326,1055
878,1522
1144,1646
667,1018
825,1789
378,1361
529,806
883,1196
205,930
123,1934
277,1599
835,971
1249,1625
165,566
293,674
769,993
150,1797
1130,1923
636,1380
101,187
869,1774
1042,1667
819,1660
1334,1364
1133,1293
8,265
610,1262
236,866
433,1509
100,436
745,1035
279,973
351,610
85,772
235,1461
1109,1393
1354,1539
938,997
219,230
397,906
83,948
260,1382
189,639
312,890
1262,1741
760,837
1436,1582
537,1752
195,461
726,1696
387,1043
54,1843
724,1902
1821,1906
1058,1085
399,1335
1479,1829
258,935
1147,1473
428,1115
1350,1650
553,790
670,1290
661,1481
804,990
211,1825
355,1974
1130,1780
924,1363
687,903
315,390
377,1199
69,967
1264,1598
399,1459
568,1518
1769,1936
35,110
43,1871
436,473
800,1739
141,289
1129,1390
481,1733
288,1404
1451,1786
156,1053
642,1318
985,1141
552,1832
175,1951
11,264
1670,1892
1365,1606
93,970
192,824
1338,1750
80,1907
693,1734
106,601
1023,1188
674,901
1114,1805
580,1436
1011,1581
668,1798
1743,1846
110,420
29,811
301,518
1735,1982
97,1210
284,1367
249,1099
470,1003
1346,1552
659,861
647,1646
924,1436
205,477
661,1646
450,779
720,896
178,1955
375,1099
126,1122
825,1236
584,1329
1076,1239
185,753
365,1811
986,1138
222,523
847,1892
486,1382
1421,1567
244,991
308,1224
374,1466
1205,1580
242,1299
1556,1698
368,880
650,1294
216,1533
392,1303
351,1242
140,944
831,1121
629,712
1101,1476
64,1524
975,1357
1494,1710
1444,1924
116,962
568,1290
917,1562
1186,1707
676,1109
490,1205
45,1921
492,635
570,1363
105,357
166,1639
373,1543
1380,1600
9,1982
7,1196
185,1949
207,1669
1135,1521
1536,1760
981,1267
410,1605
249,1781
100,461
270,1629
396,546
270,1483
3,248
647,1480
482,806
109,1266
356,690
133,1351
1286,1997
356,1296
274,1874
213,1063
800,804
1072,1221
236,415
1048,1998
79,1413
1081,1915
383,715
136,264
924,972
1739,1829
437,1147
1854,1999
118,1602
466,615
363,1301
921,1877
97,240
522,935
1287,1536
840,1137
803,1733
361,911
385,1238
1103,1538
110,254
388,860
198,989
867,1389
1544,1864
446,1800
447,1921
724,792
1637,1798
317,1702
202,314
1165,1353
523,1740
8,836
610,1913
967,1655
400,1301
971,1213
1124,1876
211,1326
452,1427
90,545
474,1220
89,1610
80,1099
148,1750
181,783
809,1861
1388,1607
320,805
1028,1912
726,1408
1528,1683
938,1076
87,1717
967,1716
82,231
1523,1868
293,1357
1418,1531
1586,1674
1196,1489
252,303
1189,1452
600,1599
1126,1853
379,720
143,1847
132,432
829,1207
712,926
1002,1975
163,958
301,302
1406,1432
889,1296
1198,1520
961,1736
879,1766
179,822
1565,1767
136,1587
972,1131
251,1071
642,724
237,1211
94,887
1565,1816
26,934
261,1785
592,1240
190,1841
943,1326
840,1910
1532,1542
1385,1798
12,1073
387,912
848,1311
856,1424
130,1415
928,1044
213,1315
611,1140
786,1426
670,836
1001,1447
1186,1881
266,1354
897,959
1386,1768
139,969
1069,1205
416,1742
772,1833
360,1576
198,782
442,1578
1268,1465
1092,1676
1865,1877
601,1382
216,1966
69,1768
214,1857
286,671
1018,1920
18,1617
19,1939
1084,1878
1647,1867
804,1636
271,1933
14,1730
1342,1464
470,1297
68,101
136,682
62,999
440,1759
1036,1423
1257,1318
1302,1815
329,470
1088,1205
771,1544
477,816
34,730
84,1248
986,1495
1002,1373
980,1643
611,1597
198,1726
977,1158
768,823
858,1513
569,1811
481,1928
1009,1227
274,1154
600,1800
1155,1613
1441,1506
1095,1540
1432,1924
515,1742
1053,1236
338,378
1712,1860
154,330
501,506
10,1563
736,835
1115,1785
3,363
1056,1884
151,413
973,1687
492,989
12,469
212,809
1765,1831
1521,1978
80,1684
418,1513
80,1819
927,1826
482,983
60,513
1074,1128
430,1576
360,1973
1793,1879
297,1405
1050,1554
776,1272
410,622
162,1239
33,1517
585,809
448,1141
850,1048
197,505
369,1998
1745,1799
9,763
950,1667
782,1734
1239,1956
1100,1114
37,491
711,1240
234,253
31,204
97,1726
54,1819
149,369
598,657
1047,1604
999,1308
1520,1978
329,1944
1136,1210
1484,1839
164,1899
1331,1976
1114,1229
409,1142
211,1440
1138,1463
531,757
162,803
75,1678
187,1199
466,1622
1545,1642
284,1969
575,1797
1450,1935
706,1063
319,1549
685,1925
508,1563
1026,1489
889,1592
574,1803
923,1917
1498,1990
1017,1115
340,747
1898,1930
1340,1793
410,1192
23,1204
907,1480
582,1777
92,828
361,800
359,416
723,1398
333,1672
492,784
163,425
1210,1839
767,885
596,1174
395,1054
1602,1642
112,475
902,1589
788,822
282,394
65,284
1877,1938
858,1798
813,1204
1493,1719
753,1348
1262,1658
624,1644
538,1413
173,1793
724,1906
746,978
963,1867
435,522
1639,1801
86,1301
407,751
68,1206
467,978
923,1956
1295,1954
139,1995
1878,1957
479,1509
1183,1902
1657,1759
131,1770
1201,1994
1030,1296
1156,1328
432,1363
156,687
813,996
301,1851
60,1627
1141,1160
347,535
397,689
278,993
650,972
182,1491
216,982
688,1321
587,1545
54,1215
584,1769
493,1681
176,1851
1396,1494
9,525
433,1763
1416,1864
1762,1902
1186,1549
230,702
5,836
1588,1942
1036,1478
882,1054
511,1106
1104,1745
450,697
682,1209
1366,1716
1590,1815
116,1173
67,1241
83,1712
1026,1595
210,1959
620,1839
1390,1920
1168,1987
106,1597
1241,1884
507,1131
29,1798
449,1255
1123,1749
1002,1339
582,1713
282,974
38,1174
663,1496
482,538
971,1531
883,1607
152,1246
157,1979
561,1303
289,1305
882,1946
1207,1393
75,1705
619,722
508,1296
444,622
242,1237
680,1549
1319,1878
1032,1853
1355,1798
75,1929
755,1162
721,1998
25,1803
148,1448
1160,1313
309,646
564,579
612,1856
133,1916
1210,1767
176,1361
356,517
501,802
371,1301
551,1992
360,1967
868,1344
131,1252
385,705
1007,1445
361,1039
8,1010
381,1408
1328,1471
388,1227
674,897
70,1389
226,1755
352,380
53,853
438,1968
373,1318
1394,1479
390,664
920,1757
1009,1985
49,1337
451,1761
1159,1799
117,1557
431,1548
557,1402
173,1112
1254,1881
351,716
912,1318
135,1448
1712,1901
1403,1776
72,494
559,1242
856,1691
98,1254
431,1695
155,198
1035,1044
966,1924
1235,1780
411,1060
332,1645
293,1722
1580,1900
505,1330
1392,1724
254,1585
219,1642
260,1197
644,1160
193,1142
804,1360
770,1360
986,1216
529,1256
384,1260
890,1063
6,1631
817,1587
924,1475
338,1507
870,1485
105,240
1122,1726
626,1915
1385,1969
227,1917
64,686
312,1209
763,1789
352,1744
522,626
298,995
515,1712
1099,1658
273,1556
850,1187
806,1831
1413,1441
791,961
262,1955
482,999
807,1073
1195,1376
152,391
1243,1767
427,1273
67,1592
796,1151
677,1680
215,264
110,1586
257,891
415,1683
659,1983
1564,1868
534,1976
218,1593
1367,1769
1543,1571
835,891
1163,1768
286,329
987,1751
510,1782
468,610
254,806
1113,1180
1252,1776
804,850
193,1795
1489,1991
55,1044
301,1534
551,976
345,609
42,1927
383,604
841,971
314,1657
475,1770
350,1621
814,1798
1113,1749
578,1462
213,1665
1641,1832
891,1707
1285,1306
369,1632
1018,1654
382,626
199,1989
552,1313
312,511
545,1146
1146,1544
904,1204
786,1837
324,1855
62,949
270,1684
1697,1948
286,460
1675,1918
191,1785
565,741
173,1397
565,987
862,1867
222,1289
170,1951
556,591
784,1456
642,842
771,1632
907,985
848,1741
31,1591
1184,1913
577,1523
364,1481
1686,1834
1536,1872
1744,1806
1565,1593
22,317
247,1501
553,1951
971,1226
1149,1911
918,1921
881,1768
249,1911
388,885
265,830
1308,1968
68,763
514,1393
493,1452
394,641
1003,1796
431,1280
687,1610
1289,1666
629,1579
1191,1884
186,528
230,1392
14,134
347,590
1320,1861
398,584
694,1986
271,724
1232,1676
632,1811
48,1351
514,1954
146,1315
635,1383
537,805
964,1809
700,1374
435,1201
751,1879
1074,1410
429,1578
233,816
695,995
1255,1606
76,1372
220,702
1504,1784
290,1301
884,1211
43,1877
1343,1902
775,1362
1431,1551
1303,1602
832,914
329,744
86,1444
398,1159
1602,1834
473,1706
1224,1593
1497,1808
556,563
1593,1595
1341,1882
963,1644
1040,1151
57,1735
392,1453
177,438
1490,1671
341,622
363,405
1225,1381
545,1203
32,860
1549,1992
904,1711
1143,1810
403,663
466,1205
928,1140
383,560
630,1747
401,1320
1261,1632
1566,1818
1224,1358
217,692
1043,1259
266,1565
863,1984
1585,1866
1143,1899
15,953
303,1815
1206,1823
602,869
310,385
744,1935
294,1639
40,427
292,488
827,965
632,1358
475,545
711,957
19,637
199,1122
154,890
1620,1668
391,846
1647,1696
708,1493
1085,1745
1715,1884
189,455
378,1723
608,1960
1012,1877
204,1993
372,1251
862,1780
91,1322
87,1028
15,353
637,1922
154,1975
517,866
1578,1650
498,729
1150,1649
107,853
711,1788
954,1707
764,1492
169,1619
450,1152
656,1282
1107,1937
722,1876
1206,1362
99,1873
915,1297
532,1717
794,964
959,1588
237,1761
1525,1644
844,1933
927,1238
573,919
522,1116
1221,1425
439,1327
560,1001
49,163
62,220
1304,1329
252,921
1094,1382
178,1665
776,1953
1528,1952
633,1370
279,990
240,755
1056,1233
63,1900
1252,1753
402,906
354,1495
528,1806
30,1284
1001,1086
275,779
505,641
1411,1418
1179,1315
53,1957
318,865
314,530
624,1040
699,1510
388,1524
1097,1622
704,1777
1447,1755
134,363
1127,1606
209,1007
649,774
486,959
433,1460
53,655
1066,1282
117,1120
153,826
716,1865
1153,1715
1172,1322
1663,1986
1374,1883
485,768
1155,1430
1027,1502
417,1287
1163,1747
1338,1426
736,783
1,1378
884,1764
676,1198
960,1851
657,1336
1074,1710
817,986
870,913
65,874
546,911
602,1770
1170,1583
624,1001
822,1468
111,1447
154,472
1139,1707
293,1859
584,1621
149,1875
208,860
1762,1829
346,1936
331,1640
187,922
808,1182
548,1285
777,1423
784,1910
180,1101
615,1026
124,1711
591,1050
358,970
655,1612
581,1132
1293,1629
899,1462
100,912
471,1100
1007,1764
1417,1559
252,1641
907,1436
768,1972
1317,1832
338,379
484,1954
199,250
30,1629
1037,1807
681,1887
39,1622
0,227
1258,1339
1033,1605
182,1327
483,1461
401,1736
182,713
569,1541
1696,1753
1548,1705
104,1850
2,908
184,1553
1618,1831
205,1207
457,1659
1140,1939
458,1113
189,293
571,1275
871,880
1093,1784
12,219
126,606
45,772
32,1890
12,1376
373,602
593,1816
85,779
456,1189
1151,1754
1410,1807
132,615
1200,1956
684,1665
208,1825
31,448
1396,1917
25,499
341,350
1158,1954
1098,1908
612,1145
343,1388
317,1568
367,1822
883,946
587,1907
25,1142
900,1620
747,1846
748,853
495,707
953,1980
619,1444
1782,1786
458,1904
758,900
609,899
1721,1902
445,1586
25,811
5,1817
1119,1525
518,1415
416,853
300,472
944,1690
1642,1893
63,933
1150,1352
33,1781
960,1691
38,1309
399,1980
846,1031
85,1283
638,1785
958,1983
481,654
841,1171
301,1163
469,956
619,1708
385,1414
441,1079
938,1564
0,554
124,1426
784,1343
9,124
355,1302
403,561
663,1581
328,1995
151,192
24,30
412,1037
971,1753
141,680
481,494
118,1773
36,237
519,691
534,1393
930,1239
42,858
639,643
111,1512
450,1088
405,1376
416,1983
1777,1822
415,1930
535,991
596,1168
571,1400
198,1539
1168,1782
392,1305
283,438
469,1776
311,1608
1409,1899
710,1709
5,1624
132,375
179,430
78,1991
255,1339
1299,1375
288,1725
1465,1857
635,1028
256,1268
621,1622
305,1112
1097,1925
267,1268
864,1169
457,1217
129,740
102,504
587,911
8,766
1363,1817
49,1201
1197,1711
518,679
257,994
424,1724
378,1962
556,1343
82,274
1257,1786
872,1518
179,1148
518,1653
35,1262
1173,1755
1764,1775
164,1831
1121,1804
362,1189
410,633
1315,1805
187,1025
715,1303
172,899
1800,1927
469,1705
1686,1982
397,758
273,1026
1180,1437
1088,1534
296,835
144,1769
304,1768
1523,1635
719,1619
322,1705
1141,1197
640,1441
1702,1724
308,1769
560,1138
418,1057
763,1151
98,1897
641,1767
1244,1529
120,1156
1155,1977
952,1699
135,1380
1005,1767
226,929
486,1012
1870,1876
1280,1800
149,1546
1198,1568
1674,1823
237,856
81,1482
178,1808
2,83
1096,1221
1556,1666
1002,1785
950,1811
409,1904
111,1938
661,1957
239,524
739,1158
938,1048
571,1387
141,1814
54,1763
519,696
313,1924
189,1401
871,1254
541,550
346,751
236,1666
75,566
605,1774
1297,1681
1401,1963
573,936
929,1328
616,1734
612,1765
564,1213
52,58
588,1436
639,1081
372,423
1514,1670
1134,1909
40,1457
1162,1693
966,1743
557,1817
869,1137
712,1205
5,571
209,656
73,347
123,973
401,1128
895,1587
1834,1964
274,828
885,1773
309,413
261,991
721,1152
874,1553
598,1151
807,1850
145,1983
172,749
2,349
1464,1790
525,536
294,653
206,1428
504,1759
125,1687
895,1498
1494,1855
769,1187
881,1122
933,1145
1127,1134
33,1162
455,1796
1143,1410
983,1859
567,783
136,1503
885,1870
271,565
6,1013
314,1748
521,524
29,1138
82,1482
941,1126
859,961
161,543
106,986
1150,1213
1570,1615
797,1197
1456,1861
287,315
1035,1685
671,1958
410,1489
365,1919
537,1406
917,1357
656,1481
117,659
264,542
610,1699
6,103
13,196
245,612
350,1448
1320,1546
62,1741
1369,1634
586,998
1171,1203
138,1426
1335,1587
422,950
647,1969
730,1073
772,1106
993,1953
654,1342
867,1894
645,748
1142,1846
495,1206
672,1442
1012,1611
27,1797
868,1552
202,1536
22,1422
40,55
1173,1364
1155,1967
953,1600
1064,1581
1146,1969
307,624
163,664
200,1653
374,1084
387,1960
649,727
1161,1549
1107,1740
217,688
219,1470
1391,1659
841,1931
333,1468
129,596
566,961
344,535
417,916
1901,1914
1198,1991
980,1038
523,1213
334,1598
1072,1768
170,812
1213,1917
564,871
74,311
114,1863
373,585
895,951
612,1739
1066,1428
1004,1135
877,1878
1286,1588
444,1234
722,1904
254,294
325,919
78,1885
238,567
207,1657
1133,1924
147,743
664,1295
342,1104
144,1622
374,1078
1486,1596
1076,1926
280,1843
1173,1653
7,1297
1174,1542
654,1120
1130,1931
1617,1758
943,1649
1309,1872
76,447
409,1951
26,1892
111,1962
570,1379
526,528
1142,1493
251,676
274,915
635,840
1526,1761
41,64
300,1207
256,1995
1102,1538
906,922
419,1682
80,1936
1082,1755
412,739
461,1773
584,1207
1225,1671
1167,1277
330,549
1533,1952
1334,1742
143,1083
1101,1186
125,762
258,1003
495,1276
278,1473
47,1546
1042,1466
352,1978
223,625
869,1192
733,1638
1436,1567
604,1691
1401,1697
526,1786
234,921
1093,1251
1130,1258
407,1400
170,273
977,1354
554,754
514,1089
844,1092
119,1222
556,718
1292,1431
393,1075
231,895
1139,1908
1256,1698
258,608
958,1709
530,1539
956,1730
735,1297
200,1264
427,1632
373,747
951,1220
690,788
365,780
691,1228
682,842
308,1012
629,1161
1168,1402
1031,1553
487,1742
200,942
1,1011
60,681
235,1863
159,1795
246,1803
343,396
783,1763
731,947
1062,1796
535,1582
1009,1575
62,552
195,1443
1083,1967
1631,1814
347,901
933,1268
1540,1708
89,1321
321,1312
133,1800
497,500
187,926
1160,1897
0,158
723,1633
943,999
232,328
1348,1484
364,902
317,1499
296,1883
1618,1886
689,833
91,556
923,1297
1673,1785
567,991
721,1289
509,1847
1724,1941
711,1226
386,572
566,1841
373,394
248,931
978,1100
547,1837
668,1390
1356,1770
1029,1755
