endpoint1,endpoint2
82,1748
451,783
749,1579
349,829
152,1850
257,1618
1353,1651
657,1039
619,1699
735,1001
172,1740
25,374
490,620
561,806
1699,1800
312,1112
484,1685
334,1190
320,712
30,1267
361,846
1057,1698
644,1154
1148,1788
1142,1492
1299,1376
1666,1987
1033,1234
1213,1845
330,874
623,1105
626,1001
537,1131
507,1358
212,715
1822,1888
151,209
371,1419
556,1359
1061,1874
751,1932
792,957
100,1981
1426,1648
953,1991
984,1214
1062,1723
1,304
813,1484
601,1899
44,1438
1172,1792
308,1275
621,1807
263,1287
375,1361
418,1883
1178,1891
736,1302
255,722
200,306
736,1102
318,1978
1231,1382
887,1134
777,1854
873,1296
408,1021
125,1843
453,988
1420,1533
355,1453
873,1650
677,1802
391,1676
607,1473
33,855
219,1845
635,1068
785,1567
1198,1474
531,591
106,1251
1618,1910
560,1447
32,1764
443,981
213,488
228,1891
379,479
517,977
718,1867
1569,1892
836,1368
942,1911
39,1331
1274,1506
31,1677
509,740
1142,1591
1746,1882
323,1066
646,1316
1035,1196
65,1381
577,1806
279,862
634,892
483,1854
988,1777
893,962
228,583
456,911
523,796
1499,1859
1065,1426
1361,1621
80,864
1704,1738
180,716
1679,1745
1711,1749
912,1528
551,922
1092,1357
571,1005
336,1067
831,846
650,1583
269,1550
591,1203
381,678
717,985
1208,1893
841,853
356,1003
73,139
205,540
204,333
266,1159
914,1244
399,1059
86,1414
572,583
465,1875
1372,1405
364,1527
747,1948
371,1251
357,884
307,1719
201,328
230,855
510,765
938,1901
157,176
779,1910
1024,1690
573,1274
280,429
51,1111
1011,1278
119,933
88,445
896,1265
594,790
835,1063
538,725
572,1759
361,722
683,727
52,1731
457,1927
469,485
115,942
1163,1794
456,861
1612,1842
955,1656
877,1404
1061,1896
83,1830
808,1662
1061,1464
1700,1807
266,885
1280,1523
5,1896
1727,1811
305,1571
347,1216
560,731
811,1644
1237,1270
78,506
952,1413
1130,1422
1048,1958
1934,1994
1181,1790
233,696
370,377
699,936
1269,1964
398,1254
929,1131
1701,1985
572,715
1115,1831
255,1517
841,1582
1293,1470
101,602
280,520
1176,1359
161,328
128,876
658,1857
607,1475
1855,1955
177,773
958,1029
676,1724
620,742
521,1426
9,1664
1038,1591
428,1155
1167,1808
827,1999
174,799
185,649
82,614
20,1224
308,1863
902,1839
833,1117
650,1309
779,1531
666,1215
346,383
109,1558
1249,1402
1312,1968
394,1671
900,1003
1183,1793
372,712
939,1736
1548,1910
451,601
209,1133
478,993
1728,1861
81,1159
256,635
676,911
949,1662
586,1306
349,1384
217,1522
626,785
1512,1989
173,1355
289,852
172,1437
1652,1660
276,1929
1173,1671
660,694
231,1196
1789,1866
25,1170
1154,1540
43,1287
881,1881
540,1039
654,1932
1203,1761
177,1458
1229,1690
1524,1685
83,487
664,1644
249,1554
1588,1762
1008,1348
35,730
1334,1601
153,1598
582,652
105,474
1397,1802
794,1831
393,875
1227,1535
520,614
681,1800
423,966
482,1405
80,795
334,899
1328,1821
952,971
608,1099
637,811
1572,1781
1504,1771
160,468
1607,1609
69,560
547,1355
515,740
127,1356
645,1846
35,1426
431,1776
942,1647
737,1097
55,1778
60,1209
726,1734
1244,1967
324,592
1478,1899
35,1219
1482,1587
376,786
898,983
758,1815
909,1795
868,1054
880,1891
1031,1273
203,1672
150,1992
1020,1068
95,1703
197,434
1407,1674
905,1893
777,1468
241,1491
481,1306
503,746
566,1278
1231,1952
124,1696
69,277
156,1455
953,1590
99,416
1018,1340
21,1541
432,1155
394,1294
330,848
8,137
866,1113
767,1648
460,495
622,653
343,1187
424,526
405,831
1607,1947
197,1303
353,1900
639,1010
872,1638
434,786
1307,1661
620,847
1028,1044
349,1318
602,817
335,1582
1556,1857
685,1040
1758,1761
478,895
1095,1246
260,1036
239,1545
913,991
261,1254
797,1676
643,1649
691,1768
139,1318
54,495
336,940
148,592
184,1682
990,1275
1248,1595
1091,1902
45,336
872,1429
612,1838
491,1758
18,1055
1026,1817
1019,1847
726,1812
883,1495
73,1396
379,1906
299,1480
561,1818
1031,1046
404,1564
245,666
223,1408
340,624
489,1606
43,587
117,619
169,547
1765,1956
431,1810
1110,1177
1493,1990
605,869
152,957
1231,1261
1332,1806
62,1576
686,1853
555,1917
619,1608
258,1092
1153,1774
112,603
476,1977
638,1709
474,1551
787,941
1512,1712
978,1046
781,1218
1437,1930
1550,1609
254,546
1436,1775
753,1082
875,1358
929,1959
164,749
394,1303
1732,1993
1459,1927
102,961
714,729
431,911
816,1419
116,392
809,1539
1180,1408
414,1490
902,1440
998,1553
820,1671
868,870
1454,1586
169,801
456,684
511,1570
115,441
586,1544
1405,1494
940,1364
735,1489
110,236
456,1700
541,1689
246,717
496,637
648,909
859,1735
553,1654
681,1698
179,218
257,754
981,1214
154,935
696,1135
398,1010
438,1345
409,581
1221,1806
150,1089
74,1837
528,1245
659,1823
491,749
409,796
187,279
206,391
1513,1808
15,1117
1032,1277
875,963
124,1417
182,1402
1435,1714
702,1249
634,1170
450,1263
694,760
594,1526
866,1126
715,1389
112,165
227,1069
172,475
357,1856
982,1004
700,1774
647,918
207,1918
283,1258
786,1347
527,646
252,1006
1513,1812
607,1352
274,1897
1526,1651
171,1468
1431,1986
145,352
1225,1789
373,1568
1434,1635
236,1266
107,1489
343,1727
1016,1581
440,1001
478,1542
1238,1632
698,744
34,1365
818,1576
1378,1622
124,714
1339,1584
521,1603
1023,1880
514,627
1755,1786
258,265
1098,1570
400,671
1055,1221
200,1866
1313,1825
236,1848
162,1280
590,1783
624,1242
1303,1377
1299,1964
705,1674
550,626
1314,1853
14,1636
307,1120
73,574
923,1817
227,1609
698,1878
1405,1622
1644,1729
128,1636
1237,1915
269,1016
828,1571
1186,1548
387,1672
32,1048
767,1864
1536,1962
70,980
467,678
1633,1797
1162,1396
1144,1633
894,970
331,1286
575,1137
793,1826
986,1478
845,1990
390,1241
1019,1745
863,1023
553,1395
652,1460
687,1594
1278,1426
601,1562
92,1542
1273,1590
1300,1603
473,1551
762,916
570,1751
351,933
301,1070
725,1884
433,1956
705,1258
39,49
96,1696
155,1284
1810,1834
54,982
460,714
1122,1424
53,348
1103,1861
102,498
237,1146
98,1160
46,1469
759,1040
537,1876
1326,1876
1047,1883
120,619
331,1939
917,1596
921,1732
189,1984
1171,1351
414,1264
134,330
919,1047
734,1857
639,1101
266,1513
784,1951
342,1923
264,312
1148,1438
650,943
1250,1282
47,1137
125,1711
363,1055
730,980
1153,1232
341,1877
451,668
649,1480
1185,1659
808,899
1015,1913
243,1899
1256,1598
622,1679
98,174
149,1879
611,623
344,481
258,1589
684,837
113,1297
1372,1439
423,1624
309,776
494,755
1411,1792
786,1370
822,1059
1548,1984
892,1236
1335,1581
526,1004
440,547
97,1679
109,1185
805,909
252,1045
114,358
1961,1974
1242,1464
240,582
11,969
621,997
1232,1247
827,1352
1000,1542
194,1511
628,1761
773,843
1794,1994
857,1383
1921,1938
648,1381
344,1850
285,1502
265,1096
216,411
93,800
1753,1832
556,1117
538,1776
86,1417
1159,1861
99,1115
1342,1487
1188,1964
1142,1759
665,1892
468,1600
1196,1776
813,1660
513,1295
1658,1814
1063,1955
577,1982
723,892
457,1013
435,1284
710,1406
762,1431
1024,1875
792,1065
1258,1995
733,1754
42,485
104,488
1239,1851
1194,1548
78,869
386,1062
427,594
279,290
571,1978
1240,1589
789,1108
119,1870
11,393
475,1995
571,709
118,1961
147,608
716,1722
1126,1892
88,1706
1278,1855
374,1576
337,1755
416,667
1138,1619
1098,1906
388,1487
201,772
58,1465
56,1400
673,1371
186,1377
394,1924
350,1969
0,445
131,1545
1372,1540
179,1643
339,857
1162,1642
1234,1728
260,1333
806,1117
52,746
727,1634
912,1922
861,1707
1466,1617
903,1412
1865,1975
412,817
972,1922
568,1813
372,1083
212,1454
1886,1938
912,1892
9,62
740,908
1004,1445
691,1964
444,514
1381,1490
1443,1769
1177,1229
188,1676
894,1771
232,600
507,1113
1196,1320
274,645
105,1804
206,294
635,1445
1338,1512
660,772
206,229
1234,1656
1092,1218
507,1115
251,657
966,1087
601,939
482,1510
438,700
312,1421
986,1186
321,1047
863,909
802,829
102,473
396,1284
257,1521
1189,1836
478,979
233,616
263,1038
1331,1587
316,1800
1322,1898
128,1021
254,468
1275,1814
1525,1992
952,1229
758,877
121,793
105,363
554,1996
630,1304
574,1538
596,1672
76,1224
634,1216
1422,1723
1445,1835
776,1670
205,1017
1062,1658
502,535
1128,1569
488,1472
1089,1891
460,1977
992,1762
170,1712
1272,1519
1121,1607
591,1779
1811,1995
314,718
627,1005
316,1060
158,1175
714,777
550,964
62,271
906,1665
715,1751
1042,1071
673,1011
514,974
1170,1832
331,814
1449,1692
821,1483
789,1055
140,145
1009,1204
278,1772
1739,1953
536,1056
954,1801
490,1457
44,289
231,1073
1036,1621
182,866
284,325
84,1770
1086,1229
319,1305
697,908
1106,1129
661,981
709,1881
253,1174
89,224
356,631
659,966
390,611
830,1777
367,736
925,1117
2,243
1467,1877
133,1290
174,1744
1484,1711
1226,1443
634,706
783,1556
210,1427
1120,1592
530,595
358,856
261,1323
211,1144
1431,1500
322,982
835,1693
728,1345
1033,1852
720,922
42,658
1234,1665
790,1680
1384,1553
408,1274
1790,1972
1,671
814,1870
257,1496
1594,1945
596,1628
473,884
1178,1534
469,1188
299,923
818,1735
842,1960
392,426
881,1998
1694,1762
713,1402
825,1917
856,1524
385,469
748,1342
244,1080
1488,1799
24,1030
135,737
991,1667
50,189
422,752
188,1782
728,1244
976,1446
456,1635
154,1271
1086,1342
702,1431
1247,1432
444,1527
1574,1581
340,1491
611,1247
461,1427
324,1912
18,1939
1423,1553
1166,1902
601,1641
1470,1506
14,1876
882,1981
913,1211
143,774
190,1193
560,1558
514,643
151,1406
1392,1767
880,1693
1147,1299
440,505
297,725
153,1129
24,1287
986,1593
775,1843
280,1218
198,325
422,1604
589,1616
1121,1790
1081,1767
1366,1514
659,1611
486,1669
1003,1128
1176,1344
1479,1566
1714,1968
1131,1256
41,1621
156,936
1564,1919
373,394
506,937
538,1757
1432,1678
1598,1996
1116,1664
628,800
211,978
326,1741
409,436
113,1228
113,1770
590,932
260,691
199,1811
431,653
540,1131
157,571
341,823
656,1612
447,994
1249,1777
878,1409
565,1876
1359,1568
432,1180
971,1662
301,497
1542,1857
972,1080
126,362
336,497
228,706
899,1517
613,1636
1167,1408
1003,1046
987,1624
676,995
60,461
853,1220
418,1299
1764,1800
1537,1643
751,1583
19,241
491,1128
1391,1421
1166,1173
921,1139
439,565
813,1658
786,1467
39,294
353,1891
465,490
891,1807
1694,1795
941,1357
1256,1385
1089,1500
145,341
279,602
77,1800
1207,1843
483,1190
1395,1635
968,1626
1304,1884
499,910
533,1311
673,955
422,812
356,1283
663,1990
1419,1562
208,1906
1706,1711
453,1046
516,796
394,1582
355,762
852,1610
801,960
1387,1973
1083,1667
515,1098
1043,1232
1017,1185
552,1952
512,1112
1124,1881
746,1286
470,1448
628,1221
164,739
166,415
1131,1282
123,1799
879,1556
1382,1431
90,1659
128,1563
914,1361
60,1893
826,914
624,1609
926,1167
588,732
1249,1254
152,1931
20,1602
14,896
713,1233
540,1540
1338,1924
661,1276
434,1128
360,786
649,1183
1170,1617
1367,1441
145,1243
611,1737
1932,1945
1223,1394
303,1019
953,1077
1749,1893
37,1981
51,728
327,713
91,359
1142,1273
864,1693
1005,1741
217,647
983,1772
753,1207
394,1093
124,1110
477,989
434,1978
631,1854
361,445
1206,1457
1155,1794
346,749
606,1150
1005,1193
319,714
1290,1417
238,921
816,1760
765,1884
991,1531
149,395
238,779
417,1372
93,221
990,1288
956,1085
1606,1956
292,1912
1003,1306
1587,1818
61,996
274,1350
291,939
48,1759
1243,1391
321,853
1545,1675
1043,1349
462,1262
64,756
870,1003
1081,1234
188,936
68,264
613,1954
1169,1828
1042,1267
1582,1795
868,1212
62,780
101,1526
346,528
87,397
1727,1943
1064,1771
1766,1856
1848,1949
1871,1904
1385,1610
1419,1729
1421,1564
14,1840
1146,1890
141,1650
1334,1575
1469,1537
729,1678
1602,1956
893,1514
1178,1231
51,219
113,896
313,321
1284,1516
418,1768
271,767
1154,1248
282,1780
1322,1636
396,964
165,390
438,710
47,966
824,1538
251,1122
118,746
1252,1745
1195,1548
879,1990
324,1116
352,859
143,1279
141,1438
1618,1786
594,960
349,488
83,335
1947,1996
1398,1484
510,620
460,1162
1200,1323
398,1407
497,1129
546,1509
437,1876
1368,1825
36,1525
88,1815
474,782
703,1731
1105,1819
1090,1647
1465,1626
1587,1609
861,1351
233,416
605,1896
549,589
607,1220
86,1780
692,1792
574,1677
1345,1384
390,1089
1503,1983
1041,1725
51,1570
414,1807
1258,1795
1023,1445
189,1732
1632,1657
8,940
259,1527
1289,1798
378,1900
522,949
221,1705
408,1933
237,811
173,1096
1187,1450
328,1346
316,1832
561,1752
696,1123
1675,1777
213,942
825,1034
389,1258
526,854
150,805
486,1453
1929,1974
446,1942
789,1195
869,1408
748,1785
1503,1715
66,269
105,1193
723,1393
1309,1731
1158,1256
81,1065
1017,1745
488,652
946,1847
270,929
231,1726
88,832
161,479
16,1178
219,1739
280,961
1125,1188
843,1712
1228,1945
1066,1784
420,1918
720,939
699,1704
3,1885
250,1193
653,789
443,1897
1108,1483
688,909
1103,1534
868,1394
1127,1784
106,1339
442,1515
736,779
812,890
217,510
1408,1529
822,922
354,1355
162,1866
674,1101
610,1167
1417,1649
1123,1756
224,479
554,1184
631,786
70,1710
507,1957
29,570
159,410
772,1283
737,1065
694,866
769,1691
1302,1453
804,1883
1368,1916
775,986
470,1462
352,1360
22,808
923,1855
350,628
1483,1942
615,693
259,668
362,1359
776,1739
56,941
1715,1732
1022,1451
2,570
17,1766
455,530
364,1351
19,1641
662,1092
1661,1754
160,1635
1802,1813
960,1274
165,647
1187,1618
514,1307
1740,1828
295,1715
342,431
1857,1940
597,639
1061,1394
616,1216
286,1076
630,1341
318,1577
613,833
754,1762
1750,1991
181,1723
177,359
355,1232
243,443
1659,1759
1037,1211
311,1660
222,629
368,1086
421,1546
1217,1409
909,1882
470,1528
781,1368
228,660
1413,1666
1006,1455
1545,1892
88,604
637,1853
1403,1466
1789,1844
263,1586
937,1216
289,975
1720,1890
485,1605
400,1201
341,1669
1928,1938
803,1878
345,729
502,1231
10,1107
219,1599
286,1923
275,726
746,1684
385,1612
282,624
305,1245
421,796
836,1965
882,1648
900,1401
113,1519
831,1250
773,1238
1370,1513
250,1552
1330,1719
1367,1434
583,1468
187,1553
41,1670
585,1186
505,1691
1217,1806
765,1848
447,514
975,1843
990,1305
41,470
687,813
515,1328
88,1290
403,1610
446,1899
32,852
1087,1757
183,190
1250,1875
937,1746
583,801
541,1285
695,1265
1409,1964
51,939
933,1785
108,1307
157,1694
100,1186
507,1565
744,1403
1402,1434
1080,1830
1242,1922
18,1721
873,1140
176,287
726,1792
80,951
94,1106
143,1036
786,934
541,1449
910,1982
85,295
241,1456
941,1738
1435,1961
1011,1795
215,1288
331,365
176,561
1105,1553
646,1901
837,1850
665,1527
362,939
442,573
1495,1733
234,479
508,679
154,1240
199,1669
1477,1523
581,879
841,1919
536,1009
86,1899
747,1054
470,962
1713,1892
16,888
200,1181
1571,1847
216,890
141,607
456,1379
818,1450
484,1533
872,1478
819,1591
722,1101
1137,1401
617,1273
539,622
30,220
923,1293
985,1733
554,1444
624,1064
217,1857
1240,1449
558,1617
626,1919
1172,1220
1363,1776
548,1803
732,1324
1368,1638
579,939
19,1325
1106,1656
192,1282
82,1167
1253,1521
401,1389
177,809
768,829
639,1000
1032,1525
234,1075
546,1774
1146,1964
388,797
805,1908
970,1115
423,1123
598,904
832,1502
219,752
1303,1336
472,1512
721,1887
1367,1464
401,503
121,864
410,1448
826,1893
1916,1962
382,1713
637,1116
923,1622
652,1028
356,570
964,1909
109,1479
202,446
483,1881
816,1705
1856,1932
1240,1918
195,826
1261,1746
1595,1835
730,1212
175,366
441,853
353,1075
224,1968
1628,1677
626,706
512,1904
1217,1844
320,679
765,1544
1208,1906
184,1835
1065,1491
417,922
408,1486
878,1919
1394,1822
539,998
799,1201
160,242
678,1554
520,684
704,1575
973,1122
238,1633
976,1018
550,948
684,1888
1242,1920
751,1420
572,1340
1417,1743
1171,1405
1477,1651
326,550
924,1034
223,678
1377,1591
554,1595
1330,1936
277,1196
967,1869
1289,1298
730,1219
1092,1237
109,411
1264,1891
128,511
425,1991
1310,1830
161,1413
1482,1551
388,815
220,1540
348,1786
319,1438
272,1996
1733,1912
18,1028
469,1658
849,1626
470,1635
529,1538
145,1041
332,1347
889,1032
1460,1660
479,1460
4,851
702,1636
818,1208
1225,1863
962,1868
502,1527
106,1528
1092,1134
856,1652
1477,1664
1015,1921
1003,1921
269,1193
1312,1901
446,1038
1104,1351
874,1327
666,1454
466,518
871,1667
1407,1982
1359,1380
584,912
44,885
359,595
912,1851
591,1076
48,1658
1223,1963
1123,1327
157,602
693,1203
1044,1092
17,1382
216,1343
1067,1887
575,869
171,836
1162,1526
117,663
741,1714
23,981
417,1876
692,1452
209,1121
1659,1982
1201,1423
1082,1713
169,1628
963,1601
1505,1814
1475,1589
436,618
75,504
469,1442
128,1609
1155,1700
1041,1867
1419,1938
871,873
357,1047
1354,1504
388,1792
1222,1323
125,1177
865,1192
89,1484
158,669
713,763
268,1937
49,115
866,1546
333,1865
445,912
94,1173
607,1624
579,1556
83,879
40,824
742,849
994,1094
1595,1633
1358,1660
1782,1835
1037,1842
986,1175
404,565
139,555
795,908
360,1604
1496,1525
614,961
545,616
1084,1862
298,942
297,1445
841,1224
382,1593
192,659
1000,1924
1538,1644
572,897
738,1079
781,1173
56,1876
593,1412
177,1483
538,1838
1433,1486
1099,1831
908,1951
559,872
34,1217
52,564
1278,1414
1520,1690
1772,1949
589,934
743,1725
579,1743
34,1092
859,1679
997,1839
1292,1516
308,512
1369,1482
33,1248
1370,1596
1806,1931
1464,1996
261,1404
136,492
369,556
312,1874
1059,1263
320,1103
1632,1798
385,1529
396,1565
540,923
244,428
297,1028
44,1852
613,1588
1361,1555
440,1608
862,1186
47,1322
669,1078
828,1873
801,1152
415,1155
1685,1830
265,1596
217,1649
334,736
498,1535
243,681
241,1180
1268,1952
395,495
6,1164
227,275
652,889
983,1241
883,1073
1081,1897
467,1145
733,1516
8,470
58,743
854,1836
699,1412
948,1058
399,1876
912,1694
471,1550
610,1543
211,1896
906,1973
638,1633
1225,1333
290,1611
1034,1113
1970,1993
1770,1948
764,1524
927,1571
1234,1870
134,514
580,1273
1186,1360
1453,1764
798,1788
1670,1977
60,1963
805,932
404,652
490,1540
783,1083
1232,1244
1174,1834
588,1879
624,759
502,539
666,1697
127,899
1609,1971
211,1619
529,1626
322,487
593,641
933,1313
403,1076
1648,1894
1502,1949
1204,1695
805,1804
547,991
345,1899
42,1071
999,1325
14,110
321,540
338,1840
514,1391
65,1047
231,1761
359,1680
925,1731
177,1201
196,778
375,980
958,1789
154,630
1587,1686
1492,1953
52,852
1464,1757
1162,1849
538,1708
48,1593
253,970
1138,1203
532,1591
485,1191
920,1188
625,841
250,342
402,1451
187,622
988,1001
824,1203
316,1861
1556,1580
362,1518
1053,1926
1023,1454
1038,1356
31,744
1235,1826
784,1526
249,1369
712,1777
167,556
1141,1348
132,436
829,1851
81,1636
269,845
596,1082
1118,1778
255,1751
854,1286
784,995
1293,1731
1795,1961
308,313
555,1116
18,1473
1565,1585
541,1616
621,819
1453,1846
867,1307
104,854
116,385
1246,1523
505,541
29,145
661,1582
59,293
942,1766
1528,1943
69,467
600,1831
173,552
84,1309
145,1131
616,1622
156,876
878,1496
921,1046
295,1032
255,653
1157,1361
46,249
1008,1554
1155,1671
1265,1318
1734,1770
141,776
1845,1931
82,1937
428,963
143,461
141,799
1715,1735
748,1854
1686,1942
378,456
61,776
1005,1990
451,1918
1080,1973
676,1897
1053,1316
1196,1350
289,296
32,269
311,531
377,1002
906,1024
405,1375
361,694
1217,1843
314,869
634,1334
1025,1951
161,1149
333,983
327,1283
1362,1867
294,1687
1350,1780
461,1848
965,1914
1801,1953
1089,1702
1095,1401
74,522
423,1079
1678,1738
1141,1563
166,433
428,1263
609,1728
214,1971
1663,1711
358,413
250,1862
1592,1678
350,459
168,1602
1429,1494
994,1144
243,1818
769,1609
657,1685
250,1018
187,828
1524,1749
1080,1873
456,1931
156,347
1426,1861
1340,1772
422,1240
54,810
589,1580
600,1355
1316,1681
376,1815
1,1509
224,902
769,1419
644,835
290,643
840,1524
524,889
314,482
495,738
641,1486
1621,1662
79,1925
144,1356
839,1283
101,1220
606,1243
615,1670
1257,1294
1626,1768
1127,1948
1259,1491
586,1266
488,860
751,1217
1062,1410
465,1171
1459,1799
1221,1529
515,578
131,436
1279,1906
301,537
788,1155
1247,1528
208,384
898,1998
389,1851
1693,1925
799,1207
190,1328
32,131
253,990
1726,1830
861,1491
729,1324
448,461
634,1890
183,1324
999,1003
446,772
498,826
755,1013
1207,1575
366,593
296,631
257,616
1772,1912
1279,1862
342,1186
864,971
382,1010
429,1478
787,1345
1028,1114
1866,1926
420,667
995,1228
715,1639
273,1871
641,1396
284,899
313,799
1376,1856
275,993
980,1942
1002,1756
418,1773
136,1472
527,1893
922,1370
1575,1944
485,890
1140,1566
804,1203
1061,1226
644,870
466,1151
678,1055
702,1902
1313,1459
583,1678
571,1044
503,1181
1084,1582
401,1523
498,905
534,1999
803,1744
730,1885
1042,1507
426,872
928,1913
912,1462
286,1019
639,1388
245,376
246,823
718,1745
221,1884
1686,1993
811,900
469,1512
144,1833
1781,1900
1025,1689
1660,1795
562,1164
46,1494
89,1373
398,1528
735,1697
1012,1832
189,1215
627,1986
311,856
1123,1318
1745,1856
175,754
423,849
1074,1883
762,1457
100,567
884,1228
172,289
1470,1667
1320,1506
1003,1906
835,1315
1857,1870
115,744
796,1655
117,422
27,1000
1463,1544
455,1720
662,1611
191,785
771,1230
526,1210
180,1816
816,1826
1133,1231
355,1039
112,1834
261,674
554,1779
467,1029
801,1794
1074,1780
553,1727
1325,1682
61,1541
130,1237
627,1306
1237,1249
911,1242
447,739
180,577
21,1375
1212,1785
182,628
543,1711
814,1103
302,707
598,1343
587,1526
1084,1271
105,511
624,1432
158,163
1642,1661
835,1968
1408,1589
97,1101
563,1925
1168,1760
1047,1377
1102,1120
286,1664
778,1882
994,1272
1241,1366
224,1038
1079,1653
848,1333
539,724
383,1411
1008,1275
1479,1608
610,1217
181,1321
426,1335
1007,1294
524,786
198,1998
225,1957
1674,1971
564,1800
970,1545
1697,1871
1127,1684
1138,1989
1592,1683
1033,1952
1431,1766
1016,1623
591,1553
415,1656
980,1911
490,710
386,692
774,1108
96,1532
823,1893
635,1197
638,1625
158,1758
398,1558
654,1650
872,1144
1034,1959
56,798
474,590
528,1951
1082,1908
365,1781
46,1424
427,1532
544,1906
543,1819
57,1553
702,1721
1130,1850
13,640
1213,1480
160,745
439,1204
155,863
256,442
362,1420
750,1391
118,1572
271,1985
767,1254
134,592
1103,1273
26,640
5,283
548,1275
119,1833
319,1506
1022,1369
425,1419
714,763
627,946
249,961
676,706
197,1185
281,738
109,867
688,1209
195,913
1437,1707
916,1451
648,1986
135,1265
441,1530
295,1297
231,1095
614,914
362,1903
1201,1656
343,1510
937,1671
34,307
1052,1363
399,1695
975,1727
652,1990
1448,1678
582,864
61,81
15,1656
606,1202
1246,1436
616,1451
468,1465
238,720
12,244
372,1875
1030,1653
625,1029
1331,1353
107,1040
53,633
201,339
155,323
50,163
726,1330
267,702
147,905
232,772
276,1428
240,273
311,844
384,1952
239,978
156,1140
642,1659
773,1446
522,1368
479,585
1854,1880
1913,1953
1161,1600
470,1833
868,1821
1362,1952
544,1516
263,1308
179,726
390,826
189,939
121,1671
103,1009
801,1568
485,1801
432,1238
688,850
311,793
671,1623
1299,1342
39,1338
604,722
1072,1528
122,282
256,1851
1154,1984
210,1066
333,440
216,1105
602,1276
1189,1721
1099,1394
446,695
399,750
597,1413
345,1764
459,1702
1231,1285
1349,1397
4,346
220,404
125,685
155,471
1029,1731
462,850
304,1444
866,1978
1019,1439
5,1501
1002,1202
1550,1785
47,1394
912,1078
1618,1832
1962,1966
67,1977
243,1933
1639,1733
1029,1889
714,1424
142,217
626,1042
1626,1968
253,1854
1249,1713
1665,1679
835,1778
645,1283
1185,1658
452,1097
309,733
437,1919
535,848
581,827
1180,1318
1098,1126
1212,1237
1000,1508
1214,1362
11,1919
1027,1334
223,1612
1677,1815
651,1940
1470,1999
776,1121
1057,1789
164,1400
364,1496
95,1957
487,542
927,1851
1716,1949
272,992
65,1307
1821,1889
624,1864
107,422
583,873
494,653
537,1491
1590,1916
838,923
239,1903
1203,1355
726,875
723,1756
729,1476
335,1665
774,991
219,853
361,552
790,1146
962,1534
192,226
240,277
50,626
283,1356
85,281
547,722
326,1428
163,1257
207,1481
614,1947
272,560
1231,1971
3,556
1213,1333
681,817
1228,1232
1539,1905
544,577
17,1399
1303,1617
1729,1977
1023,1562
304,1773
288,781
1726,1831
1248,1620
216,1146
116,569
612,1561
126,851
229,1137
49,1857
317,904
180,1213
52,1952
658,1691
154,1725
847,899
790,1194
1075,1838
264,478
31,1922
1813,1915
1268,1466
507,1611
11,1850
720,1601
893,1548
1231,1609
242,312
734,1440
355,1756
1404,1973
486,562
1242,1433
918,1030
405,1500
886,1476
1520,1595
181,1809
484,1678
642,1973
1093,1706
497,1844
257,748
221,564
387,603
152,1521
253,775
1527,1849
265,1556
699,1377
1037,1474
1013,1268
1242,1377
1438,1602
466,616
231,1652
1982,1997
1223,1698
508,1033
515,1378
1675,1857
442,1161
458,809
94,115
195,713
1875,1897
39,419
0,563
285,794
776,1598
644,1486
700,1108
396,1452
1130,1690
626,1925
432,640
249,1673
529,761
334,1284
828,1913
283,362
1012,1307
1002,1798
961,1031
1739,1957
659,1107
333,390
567,694
1677,1750
248,1635
1018,1463
1036,1701
1195,1276
412,794
1058,1861
97,720
415,496
271,705
568,791
913,944
1552,1865
168,1321
414,1186
209,696
1167,1798
569,1756
485,768
4,437
440,1378
576,1675
625,1105
264,834
284,1011
397,1464
1070,1602
339,521
206,863
822,1909
1433,1499
127,946
814,1044
208,976
503,1523
59,1506
876,1536
563,1904
269,1644
16,792
174,1396
402,1706
1117,1823
173,758
1411,1689
766,781
1615,1622
1115,1927
1922,1975
64,455
770,1064
1832,1903
101,249
1407,1560
341,385
260,826
540,1365
853,1858
1079,1489
1543,1563
898,1218
994,1308
1154,1749
706,1206
38,1859
582,929
910,938
32,820
688,1115
730,1527
1245,1658
934,1067
177,722
1109,1709
1043,1379
484,693
1164,1543
1341,1710
872,1835
1398,1669
526,1914
1210,1274
1376,1688
420,1042
1046,1671
961,1539
226,983
1378,1422
1649,1851
587,1103
283,565
594,1350
1141,1287
741,1819
247,1957
67,1103
580,1635
1271,1857
1077,1573
98,121
1163,1547
1088,1968
678,1052
1356,1666
361,1113
1475,1591
371,903
191,1197
1528,1949
102,905
1417,1724
52,249
1306,1317
302,1912
622,895
850,1720
1259,1261
682,1070
1796,1990
532,1326
1088,1374
692,963
3,1414
1249,1694
1778,1885
402,912
1086,1144
0,773
272,956
994,1921
1108,1156
925,1170
1798,1803
780,1297
1045,1795
740,1094
1560,1981
46,144
1686,1884
442,568
1071,1480
313,396
1112,1866
686,1334
1597,1949
573,1282
227,1794
530,766
57,1035
422,1967
1570,1719
510,1114
279,945
375,441
782,1769
911,1133
1363,1812
176,1638
943,1601
1713,1942
6,1825
1357,1666
1354,1498
76,1292
133,1119
237,1457
307,418
1112,1328
324,1586
807,1174
401,1883
405,937
40,1462
1406,1827
1329,1549
0,1679
1268,1640
746,1844
1326,1513
1393,1683
224,1228
1752,1988
765,1746
293,1481
292,1826
1797,1913
1313,1814
388,1532
336,832
1715,1885
307,712
0,1863
269,1126
1393,1520
281,1446
26,425
809,957
389,703
130,1728
907,1155
576,1461
395,1342
1047,1548
261,312
74,904
269,1221
1213,1307
772,1236
98,360
19,921
1508,1786
217,1012
84,1536
472,789
548,1403
1554,1731
263,1746
237,643
413,533
1023,1426
736,1572
1645,1790
1815,1977
1036,1439
156,693
1421,1467
557,1590
531,1647
105,1448
973,1532
1217,1572
1066,1511
1409,1583
913,1415
668,709
580,660
752,1504
465,1936
990,1348
553,745
80,1216
362,651
1851,1917
344,1766
861,1970
983,1901
131,1634
833,953
522,1524
452,902
442,1346
848,960
352,1994
971,1391
948,1408
182,867
417,823
565,1510
383,980
270,1192
1080,1446
574,1175
721,1479
1005,1616
839,1383
527,708
1083,1752
1025,1526
419,1284
1155,1640
629,1606
948,1664
1099,1694
386,1898
1229,1507
943,1858
354,655
436,1207
711,1992
212,326
23,1464
1114,1287
540,747
325,1099
963,978
214,641
1642,1926
846,1239
1422,1794
1784,1825
1117,1555
1833,1915
1089,1267
661,881
216,1920
494,1883
44,1917
1711,1811
1577,1927
815,1891
983,1714
265,1990
602,805
326,1399
1231,1794
113,1341
659,1472
1722,1928
975,1387
648,1988
534,1007
1030,1254
191,916
177,620
31,67
882,1710
377,1125
80,401
371,989
312,594
554,819
134,619
1024,1073
39,669
247,540
1,1948
1201,1655
625,1066
708,1658
452,1431
33,1262
974,1541
250,588
976,1526
114,620
506,555
537,1443
395,1263
1248,1339
165,1404
226,1874
1524,1804
540,1286
34,823
908,1419
936,1550
570,583
263,346
543,1192
691,1869
44,1245
577,630
362,1746
294,888
887,1147
1204,1388
332,1645
247,1835
722,1667
30,299
196,692
1008,1729
605,1359
714,1354
1333,1782
1435,1923
1113,1566
325,1867
311,1454
608,1830
734,1841
128,1314
759,1994
1598,1689
139,1146
418,1209
829,1238
595,1779
1038,1837
241,1260
245,1446
243,1041
496,1022
502,1971
228,636
1446,1611
35,644
11,753
190,640
1011,1973
416,1826
887,1870
368,969
834,891
1229,1790
121,1690
789,1366
213,649
93,1537
892,898
95,1309
1125,1530
166,1436
96,211
800,1399
362,1978
230,675
220,551
530,1059
376,729
12,826
717,1212
491,1652
1633,1642
296,389
570,978
287,1934
296,870
300,414
682,1211
21,642
249,1270
338,1020
741,1639
934,1052
434,1059
477,1261
33,908
469,1276
618,1059
540,673
649,1999
1001,1420
207,1249
267,359
887,1014
53,1963
997,1534
363,1423
527,1016
626,1888
919,1622
514,833
294,684
505,1949
1077,1598
1826,1910
1448,1504
455,1856
225,1916
1827,1985
64,1762
611,1822
231,1021
763,1065
562,1905
506,1432
1016,1433
1295,1448
100,1729
49,1666
279,1738
437,1460
514,1158
112,1756
1292,1546
1623,1637
343,1763
717,777
990,1590
1009,1848
87,808
984,993
1129,1391
14,1107
66,1938
223,861
970,1661
582,1037
1507,1982
1504,1506
126,428
619,1429
333,423
26,471
918,943
938,1179
734,770
1739,1778
266,1836
1387,1883
896,1304
77,523
1075,1248
1107,1805
148,506
1421,1510
1582,1781
556,1134
428,1926
14,1424
232,330
248,515
33,1162
598,1412
1256,1732
1583,1780
52,1845
4,1385
82,1166
663,1227
1184,1417
266,1784
343,1839
680,1924
667,773
62,1158
191,975
613,1393
779,1567
1258,1461
870,1810
423,1597
611,1246
285,1559
701,1921
284,1326
1052,1509
1594,1626
918,1773
586,1846
972,1263
1977,1997
1270,1781
507,1029
1273,1626
188,853
827,1036
53,1393
515,980
859,920
1060,1131
18,31
356,1405
144,378
1231,1912
849,1586
78,97
64,980
340,883
394,661
854,1165
501,1514
950,1156
341,592
1726,1765
266,1062
303,527
791,1293
779,830
1258,1264
549,1458
849,1278
1188,1780
1192,1984
791,1141
1564,1764
1141,1376
469,476
719,1206
65,625
623,1964
338,1065
1015,1326
173,1779
173,1272
896,1935
117,894
625,1480
586,683
297,341
519,1991
398,524
658,1188
1774,1945
826,1633
1157,1236
375,1386
10,548
340,1388
1164,1859
857,1288
793,1034
31,684
415,1275
1702,1963
306,1365
718,1996
103,1128
1255,1408
33,1973
92,100
820,846
153,646
1103,1719
894,1205
616,1907
1426,1449
105,1407
395,793
1427,1630
1310,1894
951,1110
740,1665
577,1679
1637,1704
1510,1941
1238,1866
786,1465
164,1503
745,1935
1701,1910
271,833
1043,1584
517,1354
505,1994
727,1961
1881,1960
221,1318
914,1632
213,930
970,1444
181,805
40,531
424,564
199,1372
896,1136
252,920
311,1064
1498,1962
7,1534
1207,1230
1116,1321
698,1250
137,1225
265,1345
463,638
1151,1541
258,1049
788,1996
96,1040
89,1588
95,596
379,1806
650,1288
6,320
51,168
362,1861
376,440
193,1145
676,1962
462,528
595,1360
510,1207
885,1406
754,1807
1267,1647
797,1557
832,1390
158,990
1059,1063
558,745
1210,1717
509,945
564,1715
1288,1290
831,1437
683,1389
185,278
682,1308
227,1434
207,1856
111,147
947,1123
250,593
99,1210
440,1321
99,1898
1158,1475
776,1150
583,1506
983,1974
301,347
462,1456
529,1211
479,1794
558,1759
246,432
1107,1903
199,313
634,949
1391,1778
699,1268
1391,1439
163,1082
256,1454
393,684
421,1713
1138,1522
697,1758
1029,1842
208,672
570,1491
372,694
347,702
1235,1356
216,1672
623,859
163,294
867,1001
81,1151
495,733
684,1501
1933,1935
822,1714
1461,1566
626,1294
107,1082
804,1245
844,1441
1587,1834
421,1353
445,1348
976,1599
156,669
1614,1834
711,886
361,1198
885,1570
1199,1686
266,1593
1147,1148
412,528
520,1838
104,1008
1694,1703
1529,1841
485,1761
166,1468
1368,1747
131,1511
324,1393
132,767
1221,1942
1126,1592
138,301
1321,1834
539,1915
1052,1109
876,1071
821,954
663,991
1309,1542
1842,1966
1207,1437
94,1099
1436,1486
246,1508
1385,1540
39,1335
1034,1119
1192,1877
312,1918
89,157
242,643
699,1111
45,129
303,354
127,1294
180,854
483,1815
122,956
492,1984
355,1981
401,1975
6,1578
909,1581
1105,1498
1278,1452
1211,1297
114,156
513,651
967,1494
1248,1864
586,976
756,961
623,1429
20,216
805,1180
566,1394
349,1804
777,1650
1162,1542
924,1434
1766,1928
16,1554
947,1387
1345,1770
301,803
733,1784
575,1867
1343,1494
166,1576
926,1178
1397,1398
831,1030
353,680
995,1785
24,1157
1049,1108
290,1282
796,977
170,1747
1462,1585
253,1191
3,1293
896,1708
186,539
568,1103
36,806
195,1517
316,1218
1138,1375
336,964
97,1783
256,1596
1349,1965
806,1161
623,1845
666,1793
1,955
693,1520
1328,1892
357,1490
1777,1918
615,1338
1443,1909
147,1475
7,1529
255,1352
815,1610
597,708
8,638
430,598
412,1947
708,1456
137,172
399,1710
102,1324
433,537
1003,1198
352,1664
766,1676
12,925
20,1300
1438,1935
988,1503
1443,1641
436,1984
322,1611
1481,1652
109,1650
1641,1699
1053,1254
694,1069
897,1602
798,1908
110,1871
223,1397
1174,1427
203,1422
575,1086
428,1314
1329,1361
227,306
366,1366
259,1628
93,1111
1069,1800
1091,1219
1677,1792
977,1233
377,874
188,737
888,1792
229,1491
288,1410
325,638
1071,1498
948,1529
921,1321
170,328
930,1910
1222,1267
355,1130
559,1278
174,836
1003,1452
402,440
218,476
968,992
1354,1669
371,721
128,746
274,457
74,314
645,1368
577,751
263,1267
1532,1676
1033,1723
770,1679
1235,1766
440,1611
843,1853
613,1320
800,1723
1289,1874
261,1392
141,1150
718,749
673,911
1926,1960
1346,1683
184,1530
663,1963
836,1524
571,1661
762,1488
58,1481
242,1911
634,1674
403,1523
594,1046
124,1847
1380,1938
2,228
420,1006
735,1686
638,1582
693,1599
286,1534
861,937
844,1240
976,1865
739,1090
242,713
1153,1980
66,122
1208,1690
208,897
497,1230
1288,1721
407,1759
91,1290
713,894
466,695
683,689
1496,1629
107,449
138,1799
272,558
166,620
1383,1450
278,477
551,1909
755,896
921,1084
454,1545
5,925
868,1195
831,1828
955,1061
406,539
792,1924
536,1943
316,1500
260,1425
1325,1421
1733,1975
43,527
1651,1932
172,1547
998,1321
603,835
334,623
1387,1437
1212,1308
407,1115
1563,1879
175,497
1110,1198
600,1779
498,1855
289,1566
323,1156
336,1470
1278,1699
492,1228
1340,1390
1246,1778
34,1728
737,938
53,114
292,1178
1368,1558
197,1246
588,1328
822,1618
32,426
360,1030
1541,1651
661,805
1049,1646
270,938
1582,1673
16,373
855,1083
391,1746
683,1410
469,1426
108,445
127,1012
251,1188
1351,1802
590,1631
22,902
926,960
316,357
403,1053
234,694
1090,1721
144,935
794,1828
1192,1221
1009,1178
76,180
902,1154
1545,1770
42,1759
1156,1181
729,1045
195,1463
490,1916
684,728
1051,1754
366,1187
214,1061
337,1953
214,1745
204,1685
181,1751
833,1775
1741,1819
304,966
307,1183
283,840
137,746
410,1660
1774,1845
1140,1583
463,898
1021,1329
388,1147
364,1634
712,1325
587,823
644,899
865,1250
166,1355
182,1886
96,630
6,326
787,1524
7,1878
1344,1773
81,565
320,455
7,731
1446,1794
516,1902
520,1280
1220,1972
51,447
184,555
305,1540
249,1461
895,960
1657,1812
798,893
1092,1516
317,833
1495,1856
653,1840
264,1273
1064,1808
1039,1227
183,897
90,676
413,1796
855,1613
940,1993
805,1276
1823,1971
359,1410
240,1990
1125,1923
770,1804
1880,1992
87,493
1086,1269
1608,1655
116,261
27,268
1268,1360
738,842
333,884
586,745
1047,1072
1240,1248
327,1328
191,1174
955,1604
242,1986
1240,1689
705,1294
36,1907
938,1457
105,315
770,1006
554,1653
725,764
77,1593
1096,1517
1714,1998
755,1575
1221,1323
439,1635
260,1447
1320,1970
639,1585
1081,1956
118,825
353,1547
138,1074
375,1206
214,1880
1503,1904
257,1342
828,1145
1195,1394
849,1695
484,1176
526,1511
344,520
828,1310
1744,1773
1270,1495
1575,1898
236,760
420,672
301,1466
584,1642
110,1685
123,1706
437,1788
1128,1995
477,839
1491,1910
337,1891
143,1457
32,1714
395,1085
1264,1781
202,1337
1890,1891
1104,1407
320,1482
148,1305
568,1546
1280,1641
958,1585
876,969
5,487
829,1671
239,1157
134,1916
67,1514
828,1618
304,495
374,792
1516,1683
1354,1654
276,760
313,944
816,1313
1045,1271
646,1206
97,744
241,816
129,537
843,1667
519,1359
1069,1873
1514,1689
601,895
427,1938
707,740
468,911
1371,1721
756,899
1440,1951
1091,1189
591,872
314,457
469,1185
662,676
1197,1734
131,1965
1535,1631
545,1720
1388,1781
683,1766
701,1350
102,1715
1297,1921
378,622
755,1111
287,1337
1899,1950
321,1327
965,1032
367,1295
461,502
121,1558
128,457
1362,1808
1300,1811
637,1287
686,1985
608,721
309,1832
102,463
734,1679
1333,1617
165,1106
560,711
720,1280
635,1246
569,629
1524,1591
873,1163
11,19
499,733
335,1706
1044,1124
996,1643
659,1738
762,896
165,1372
613,795
374,1679
821,1415
262,428
810,1494
564,1407
337,1344
515,1565
219,487
1111,1300
163,623
1290,1882
592,1604
483,1612
293,871
36,1935
111,155
137,1611
38,315
920,1893
725,1966
792,1897
364,1890
1287,1293
413,1501
623,1167
892,1709
34,223
734,1640
918,1195
474,757
1712,1787
207,1468
398,1543
212,1213
44,65
174,1761
650,961
90,1960
1323,1465
276,1704
251,450
115,993
792,1164
544,981
92,327
670,1373
1055,1203
1014,1945
911,1201
149,1891
1352,1964
1684,1798
913,1935
1335,1464
596,1356
178,1756
1528,1921
594,1517
75,1702
553,617
1278,1487
13,1744
479,1926
1027,1088
138,1505
102,1621
417,873
879,1834
1643,1973
869,1359
1002,1396
594,1321
163,1727
957,1464
637,1977
1818,1957
1803,1890
469,1280
1527,1568
1534,1990
1382,1394
383,1116
730,825
74,1745
564,1652
599,1107
535,1665
962,1969
165,674
1527,1877
510,536
821,1102
492,1360
1261,1435
10,1849
1345,1750
1190,1210
297,1306
1530,1685
518,1154
1140,1173
76,769
1857,1954
650,1867
230,1845
147,831
214,591
1603,1717
1173,1958
41,357
1058,1486
1021,1245
320,1917
1217,1865
41,294
44,194
277,584
59,1736
71,1821
108,1523
1181,1477
789,1940
798,1468
399,1587
351,452
45,81
138,1499
396,841
6,1639
471,1752
723,1845
392,1382
101,1725
1371,1515
200,698
365,1813
1185,1200
1340,1461
43,556
797,1473
16,458
39,192
420,1541
911,1099
11,199
776,910
887,1926
1666,1746
415,1202
195,1673
442,1582
395,1671
1278,1858
1178,1820
200,1165
440,450
1334,1816
881,948
310,1248
129,1969
454,734
17,205
608,1622
633,1796
248,1283
420,1128
79,869
321,1100
86,1344
964,1390
393,714
1079,1757
474,1206
450,1724
129,1203
841,1724
700,1582
971,1143
392,1070
128,1818
1074,1555
5,1774
1524,1941
171,1422
323,1515
1364,1874
960,1434
294,1719
646,987
911,1313
539,687
1779,1797
668,769
593,1280
533,537
1324,1469
1423,1942
524,1002
691,1597
72,145
1447,1542
1107,1791
555,1780
211,1198
170,1176
481,860
462,977
228,1850
345,1648
491,597
1728,1794
1602,1763
305,1652
224,536
613,661
889,922
176,1737
633,1471
515,657
918,1668
3,619
1113,1475
26,1872
915,1202
69,880
565,816
696,1062
1488,1622
970,999
352,1228
750,1422
385,688
1532,1844
178,1508
139,1465
454,1103
623,1794
1216,1557
961,1368
1188,1909
728,1267
1305,1976
882,1316
1001,1059
831,1378
1200,1354
1011,1836
83,1798
534,1118
257,1685
1472,1921
51,747
661,1642
298,542
1972,1989
247,647
614,1687
483,1658
209,614
406,1696
727,1448
628,920
445,1363
1750,1796
325,1689
379,507
280,407
1596,1945
206,1533
136,1912
306,1854
61,1573
465,990
949,958
272,1555
666,1551
299,1011
294,1928
106,540
309,831
500,1164
1247,1270
1735,1960
748,1083
1485,1691
615,1091
490,990
1345,1582
359,401
228,697
512,644
1752,1925
357,1945
1338,1735
449,737
268,966
1348,1985
182,1043
1320,1692
101,1146
10,73
412,1914
116,729
496,1309
889,1729
135,1476
923,973
493,996
542,1185
454,1940
709,1388
240,1396
447,1452
657,1479
5,653
862,1416
653,837
955,1972
1492,1954
110,1364
1580,1704
578,1358
101,1257
1075,1616
373,873
397,433
789,1426
192,1158
964,1217
1147,1994
718,1549
1263,1396
561,1391
117,1632
1629,1752
341,378
300,916
724,1209
101,1756
239,863
304,469
483,584
671,1816
1425,1617
65,1901
1933,1983
1079,1178
389,481
796,1081
445,1984
536,797
1309,1849
119,734
570,1865
845,1408
853,1292
136,1007
453,1100
833,1910
155,1147
585,678
371,1906
235,1455
730,1177
460,1239
566,997
125,549
397,1103
331,1502
1673,1952
1907,1970
199,1257
1136,1841
193,1100
754,1006
15,1014
352,985
668,1436
59,1289
367,1896
1276,1303
507,1178
986,1937
212,423
229,582
192,1625
419,767
1041,1537
643,1912
378,745
297,871
293,456
1082,1860
131,1560
391,1467
655,848
1852,1971
175,1582
281,1360
147,1782
430,1171
590,1456
1081,1803
1548,1761
135,1138
1098,1655
1078,1777
869,1039
343,587
213,1209
312,576
208,838
123,1781
453,744
1022,1123
622,1158
1045,1758
1064,1251
729,936
481,689
247,353
171,904
125,770
447,1421
232,773
1340,1861
330,1240
202,1059
148,1508
159,1778
260,588
657,915
858,1105
1194,1276
1751,1996
471,810
426,1151
314,1707
1060,1474
34,739
464,1875
42,1287
586,1970
638,651
211,1539
56,1916
49,57
438,934
70,681
1117,1324
1550,1889
1060,1634
690,979
831,1104
636,826
914,1330
458,1900
162,815
569,1393
1043,1771
743,1913
335,511
498,1201
859,1170
552,1523
595,748
995,1741
148,1588
309,881
400,620
486,1137
418,818
188,1715
142,1917
1019,1848
1120,1579
305,985
268,676
505,1411
1096,1776
1028,1990
97,881
130,727
1289,1890
1363,1992
328,1257
90,1068
319,1370
18,784
11,1320
229,458
1281,1404
330,731
1607,1773
235,1239
41,215
1592,1751
1878,1979
1201,1748
108,1010
674,1287
1383,1514
600,1595
845,1747
481,1711
474,1953
235,1698
1396,1576
1208,1413
1467,1475
54,141
239,875
315,1052
68,1467
330,1239
120,1237
654,1407
184,1876
213,1277
737,1505
1308,1340
139,1818
1278,1529
1460,1905
388,1225
803,1347
147,228
189,318
627,1702
146,1917
240,579
502,914
107,1221
960,1446
170,1815
164,1778
753,1269
1066,1699
414,1257
331,1285
1423,1828
120,217
1103,1850
111,1323
78,1678
19,1580
116,418
626,1662
373,627
676,1572
888,1653
828,1265
116,1592
208,1250
388,1169
161,1951
654,1211
162,834
1433,1912
443,855
182,977
288,1604
604,959
1253,1290
368,1663
0,666
619,1543
326,673
656,806
1319,1377
319,1768
876,1293
90,727
497,1014
499,1636
1305,1472
648,882
1364,1485
556,1594
84,970
359,1995
118,1521
25,1358
734,1572
458,937
293,296
710,1114
1334,1494
1236,1701
702,1522
1551,1881
1287,1864
348,903
345,529
886,1864
519,1492
378,1238
63,1532
197,1495
127,1572
154,677
66,933
938,1163
264,1318
1340,1341
537,1907
653,682
340,451
466,974
101,1489
344,1789
1358,1449
223,1591
271,420
125,1165
383,1611
125,1900
821,1609
347,1452
427,1909
1169,1575
1322,1671
58,1097
326,1118
232,990
1226,1412
745,929
196,733
492,1560
831,913
834,1965
1520,1758
1131,1510
285,986
673,1530
467,844
1831,1905
292,1649
853,1295
595,1692
1442,1720
1495,1977
515,849
1236,1897
1259,1618
143,176
245,1315
850,1089
651,1655
701,971
1805,1827
157,349
699,1785
734,1681
524,605
1486,1798
1514,1961
1212,1580
987,1940
1254,1750
1003,1601
1401,1826
1347,1531
973,1266
792,1663
927,1880
764,1461
146,439
326,986
97,879
582,880
129,1465
153,1274
1497,1762
736,1183
1040,1153
360,645
1926,1965
69,1339
1268,1383
799,1228
95,1406
1106,1944
640,1840
443,847
1694,1896
1366,1469
1088,1279
1287,1445
50,1418
34,1768
106,268
547,1431
722,1396
307,1342
554,1032
1865,1904
649,1673
110,1280
1147,1621
367,1261
535,1429
1349,1529
175,1323
1135,1700
901,963
476,509
372,1369
60,289
138,1263
512,1909
567,1466
300,1419
1487,1639
1400,1499
802,1761
763,825
863,1833
774,1021
690,1284
571,1266
16,526
377,623
413,657
1482,1793
331,1631
601,1222
881,975
89,167
654,1807
1087,1877
1065,1097
1887,1919
69,1307
292,323
213,1651
132,919
1637,1840
827,1968
1068,1773
94,627
20,330
125,1818
869,1304
717,960
108,819
1793,1849
209,1007
451,635
1124,1948
546,1962
573,1045
1005,1671
153,1265
1402,1628
1140,1648
1315,1856
836,907
19,377
497,1511
686,1132
867,1450
620,973
932,1668
483,1126
316,950
397,1137
1474,1785
844,1476
87,243
1259,1821
1568,1876
338,1204
195,614
402,1695
292,1578
694,765
1076,1516
322,945
364,1561
436,476
759,1951
1187,1282
373,1237
538,1972
922,1377
598,1626
1119,1571
282,1049
1255,1367
383,415
310,670
147,1912
847,985
454,1586
1,1748
42,1204
327,463
906,1360
1126,1653
906,1877
473,515
1950,1978
498,1432
336,1472
907,967
1595,1774
65,1270
721,1238
1012,1229
1341,1786
1056,1579
938,1237
655,1797
1041,1681
843,1411
468,837
880,1821
1309,1699
91,665
545,1565
604,1111
317,1451
1352,1730
1308,1543
246,1537
84,405
509,1584
14,295
427,1755
467,501
429,1813
163,1762
796,835
1295,1724
352,1509
614,1913
1218,1731
536,1242
747,1417
1132,1736
271,1306
1676,1974
559,1305
560,573
1112,1393
1622,1742
1007,1225
1150,1336
82,1252
571,774
172,1542
653,1931
1484,1964
342,1025
26,680
338,992
898,1029
80,1669
506,543
377,1585
72,1116
699,1798
1655,1671
975,1087
1259,1336
530,1445
1144,1773
895,1161
1060,1181
652,864
390,802
1745,1780
532,997
676,1528
131,1889
41,1930
556,653
369,1586
723,1318
508,1933
959,1541
350,1075
850,1400
1340,1592
737,1606
941,1343
136,780
441,1699
52,520
828,1981
505,1149
300,1823
307,606
654,1336
76,1423
644,1716
693,1425
682,1581
1412,1585
271,1889
767,1906
363,1306
266,365
1596,1962
1054,1367
919,970
253,1761
697,886
961,1938
175,1594
225,1442
1192,1740
43,326
866,1145
168,683
853,986
394,1767
1223,1892
253,1320
1120,1615
841,1925
1754,1948
1597,1681
1322,1381
134,743
524,735
1517,1581
491,1383
388,876
477,1790
197,335
77,1216
871,1533
324,1408
1563,1885
684,1868
38,352
160,207
806,1551
229,1266
760,783
303,491
495,1310
1189,1336
94,818
743,1766
1587,1695
761,1083
1456,1485
1106,1120
84,249
369,1259
1146,1694
596,1274
1098,1699
861,1615
1845,1910
692,1005
352,1598
1057,1860
774,1144
213,759
1006,1192
824,1209
575,702
320,342
590,948
1711,1863
480,1949
167,1688
737,1919
447,462
510,640
820,1847
9,1917
492,1336
1440,1855
936,1946
1393,1850
363,1320
1023,1116
658,1343
404,1922
189,279
153,933
41,1165
261,1351
492,1613
1395,1682
1249,1751
851,1838
955,1969
14,1389
1079,1316
552,958
785,1108
338,1775
1252,1315
1494,1667
481,1653
841,1658
1620,1710
351,805
394,1583
372,528
766,1934
1061,1460
340,1414
188,1904
297,714
1229,1895
441,1214
1197,1892
1078,1230
1355,1953
523,1334
305,355
315,1788
1068,1434
300,723
675,1659
113,1203
416,1556
306,700
114,928
479,1207
581,1135
141,1555
468,1464
1335,1942
15,97
945,1888
347,1383
800,1356
280,548
177,1357
466,721
636,1268
266,455
1004,1253
164,618
164,384
292,761
460,1732
1388,1591
904,1568
97,361
321,786
1528,1678
1354,1681
824,1921
1083,1515
94,478
548,928
349,1256
74,1154
379,399
707,973
69,720
783,1018
1131,1708
432,846
921,1584
664,1021
261,783
989,1888
128,441
1336,1683
551,1350
625,1218
1356,1632
129,1562
634,1012
288,1323
581,905
33,1023
536,967
1264,1596
391,1894
1,1390
835,1604
45,1928
594,1908
465,1985
286,1623
295,753
181,1994
643,1120
348,742
178,1269
1030,1696
1417,1803
1186,1841
635,1418
885,1516
1637,1875
509,781
290,1614
1717,1881
402,472
1007,1467
769,1132
1284,1486
66,487
301,1105
1211,1425
181,1779
179,814
259,1261
1386,1846
184,1238
460,1879
510,960
134,1098
757,1274
1155,1334
1385,1755
72,1813
911,934
563,1618
50,1441
544,1319
671,1742
454,814
796,1704
33,997
85,1965
685,1759
731,771
641,1617
203,1349
863,1137
429,1672
112,487
333,1853
1163,1297
706,1459
1318,1866
953,1852
219,477
222,1183
386,1916
308,742
700,1331
1518,1722
654,1635
312,1195
306,1703
1761,1790
532,563
672,1698
1468,1658
547,1450
1287,1390
726,1878
635,815
486,1535
1385,1569
431,568
386,1175
411,1900
1310,1473
901,1680
747,1510
1537,1716
237,1984
79,672
525,1054
1047,1396
271,1020
215,350
167,512
603,1892
452,1707
455,1467
1,1386
1654,1722
123,1577
1438,1811
318,1336
1006,1078
196,674
449,1960
374,1036
763,1079
113,1312
1257,1344
74,1620
1444,1729
1736,1819
367,1452
866,958
1049,1940
627,1714
1116,1704
573,1684
189,993
1334,1868
1583,1769
54,1528
235,1884
749,1575
409,1247
1156,1427
812,1714
599,1618
931,1816
725,1501
1297,1851
1097,1806
646,702
854,1214
805,1849
637,1586
749,1260
1024,1732
1116,1131
536,702
816,1048
197,1588
324,1854
309,1706
234,858
1108,1510
534,1048
286,1750
302,703
1118,1365
1405,1829
700,1757
1104,1352
787,798
1109,1405
239,1508
594,706
360,1282
1203,1213
546,791
1264,1791
1100,1297
824,1583
552,1567
1505,1824
1035,1393
160,1729
1380,1661
1132,1650
1652,1737
1110,1547
249,1756
343,963
271,1489
347,1239
299,1204
485,853
289,378
104,1238
261,798
425,633
497,679
432,1414
239,545
884,1634
228,384
1527,1653
643,1828
300,1625
1054,1693
1178,1935
861,1121
72,1941
258,1758
1291,1549
457,1897
3,324
424,1851
253,338
197,1602
258,1557
334,364
1449,1542
669,1063
145,250
1161,1973
738,1263
417,1186
1182,1215
145,1215
319,679
489,1547
1081,1995
490,1011
1326,1719
8,511
313,1608
947,1032
474,1480
399,1466
768,1275
716,1763
423,591
276,588
1401,1657
339,682
1198,1616
1812,1826
561,1063
517,1046
529,1072
1094,1553
79,1941
430,1371
730,991
331,1987
196,1132
1452,1741
1546,1620
51,1321
1205,1997
175,1228
966,1408
959,1206
77,781
22,1699
713,1830
1402,1824
1114,1607
692,1582
616,1066
221,1078
772,1584
728,1952
215,1450
403,1143
1258,1549
1071,1193
1628,1713
561,1324
515,1959
102,1317
551,915
229,528
281,1587
841,1260
198,1354
793,851
900,1704
404,1141
821,826
1,756
1192,1359
401,1833
861,1997
1034,1055
599,600
244,1685
825,1548
1360,1880
593,1918
386,1017
1034,1598
328,1632
1319,1871
116,1393
14,383
1358,1911
600,691
500,1997
1040,1550
488,1527
1518,1979
483,1082
689,1660
1859,1977
303,723
296,1243
329,1955
286,435
223,1742
41,287
972,1082
155,1022
679,804
570,1307
1301,1593
37,283
1599,1813
22,1794
706,710
1345,1814
71,976
952,1305
1610,1869
482,484
447,1794
914,1308
662,1666
305,669
459,856
1039,1339
180,1520
65,993
96,1201
289,713
33,1002
453,965
96,1664
1171,1219
686,1719
341,1747
191,434
723,1705
1223,1274
473,847
261,603
292,501
380,1834
622,1167
152,992
1476,1674
982,1058
107,1720
805,1239
933,1706
1437,1719
962,1531
250,920
775,1755
1036,1541
857,1574
908,960
739,1177
153,1356
663,844
265,1770
931,1528
825,1865
922,1130
469,1319
276,677
139,392
58,1254
237,634
1326,1996
530,1011
537,1932
531,1551
1043,1944
780,1284
209,493
456,713
316,1547
750,1384
381,1784
260,530
1588,1623
428,622
379,1046
1372,1833
66,1233
190,1037
1,1313
958,1887
615,838
233,466
544,1178
729,1660
850,1830
1579,1670
434,1262
543,734
379,1798
269,978
414,1483
197,380
1698,1794
1286,1733
71,1549
92,205
467,708
424,1830
573,613
443,893
377,754
734,778
151,1758
542,1188
407,1596
652,1623
828,1422
765,1347
911,1465
254,469
429,1626
349,1403
1383,1536
373,1093
16,623
449,1916
287,1907
465,1699
753,1681
180,1125
1360,1633
331,353
941,1807
1550,1709
61,134
564,1551
1210,1866
920,1738
92,1434
1040,1983
381,1549
49,1957
211,1677
337,1020
453,1643
809,1639
312,317
428,624
329,667
1418,1576
1231,1532
567,1010
440,698
557,1945
745,1516
1245,1690
481,887
580,1729
1114,1769
508,1223
1056,1128
662,900
617,1011
1248,1656
610,1661
20,1746
295,967
891,1111
166,1898
477,558
284,541
572,931
1342,1939
270,1585
431,1701
367,944
318,370
1352,1355
990,1457
971,1809
376,793
786,1251
1113,1311
217,1456
353,914
702,1347
763,1772
470,1617
109,637
241,1482
192,1894
396,868
204,1090
441,1051
967,1050
830,1224
24,495
691,1017
1628,1646
1089,1477
1374,1706
340,1080
1113,1410
992,1959
128,329
300,1520
119,440
1049,1355
717,1929
658,829
525,1090
129,1679
288,1600
604,663
584,1100
496,1885
8,84
218,1144
300,510
778,1866
1013,1576
631,753
642,1307
1407,1976
554,1459
74,881
928,1049
155,1490
711,858
552,1246
649,967
920,1201
288,1248
30,1718
39,570
450,640
738,1605
220,1260
1094,1771
610,1732
372,461
847,1689
687,1110
1522,1591
93,504
129,690
433,1818
551,1869
598,1320
292,1899
89,532
858,1974
1264,1860
292,1162
386,517
241,1427
214,1310
394,1554
111,738
1313,1849
1204,1873
82,480
1283,1557
198,491
799,1709
200,1936
1331,1375
247,298
408,773
76,1828
1657,1799
27,382
44,1913
280,858
815,1713
1104,1258
430,738
412,1247
83,855
184,1621
96,1620
342,1909
1168,1219
1537,1866
741,1553
130,1558
594,640
509,1154
936,1607
5,1233
70,1341
826,998
5,1709
214,1583
832,1740
1121,1789
755,1026
293,428
379,1815
71,776
140,1526
72,432
685,1347
427,575
1410,1498
681,1052
576,1548
500,1883
807,1959
360,784
763,1000
113,682
365,1212
1859,1930
587,1164
749,789
584,1234
1068,1565
520,1513
575,1069
620,1106
11,291
464,1047
812,1770
121,1826
773,808
232,1697
813,1555
621,1536
1209,1360
946,1031
917,1387
706,1587
903,1524
491,1399
41,1069
277,1647
1363,1819
42,1431
748,1471
1167,1648
372,1980
321,1887
541,1423
547,1521
765,1866
1067,1619
837,1412
168,178
565,1505
1422,1876
491,1143
523,1493
270,1797
515,1555
40,133
712,1902
321,496
844,1933
231,1763
1581,1900
186,535
948,1450
194,1742
537,611
348,1421
988,1549
58,1092
571,1744
163,1949
324,802
546,700
841,928
100,404
644,753
130,1800
595,615
222,550
712,1965
947,1223
971,1288
197,683
285,974
84,497
35,1862
434,1621
1677,1780
813,1117
1076,1566
49,452
596,812
1059,1841
359,455
711,758
880,1679
184,1371
66,1982
341,1144
226,458
543,1865
997,1424
820,880
471,716
21,1769
424,1136
214,559
546,1339
1360,1897
400,737
869,1701
844,1130
181,377
1331,1503
532,1141
134,143
48,532
763,1757
44,1957
1238,1366
383,685
332,1723
733,1895
111,913
313,1567
58,259
1190,1522
1159,1370
879,1104
1346,1861
156,1599
1053,1886
899,1892
209,349
529,1910
299,1629
770,787
787,1043
972,1702
604,1178
1406,1863
895,1104
1758,1983
502,1387
301,1609
548,1569
627,669
83,147
0,713
394,710
772,1897
600,1459
1142,1556
361,1918
507,963
1146,1187
1375,1812
919,1007
1242,1903
372,1380
90,1167
271,570
117,803
304,1354
310,1514
1300,1933
1154,1481
533,873
399,1821
1056,1540
506,713
55,1789
1466,1849
406,1215
905,1907
533,935
601,1738
998,1997
86,299
1607,1931
330,1858
1539,1611
1703,1721
1037,1207
1525,1928
109,1352
276,790
790,1844
229,1474
418,701
878,1810
541,1174
1561,1817
293,762
4,345
555,1748
580,1772
520,1119
1065,1958
1832,1889
1032,1937
985,1210
685,953
891,938
895,1591
902,1282
82,1226
1679,1920
26,485
121,1424
9,107
1249,1654
39,124
434,1000
924,1893
891,922
583,818
322,1772
1824,1994
423,1623
1200,1661
978,1850
552,1328
205,1623
1286,1805
867,990
985,1813
1089,1633
143,1549
1325,1787
224,613
877,897
16,920
153,428
1654,1831
364,1489
159,628
175,1480
151,1917
1555,1988
310,1979
35,1005
925,1873
584,1973
69,762
1346,1897
590,1167
1601,1769
370,1642
504,1786
1552,1686
1456,1465
722,1973
1372,1974
916,1674
733,890
1644,1868
1029,1697
345,411
125,1949
781,1951
359,1524
49,988
1470,1852
890,1297
1179,1196
1085,1188
143,1070
382,1919
1564,1682
747,1407
823,1755
1024,1492
1384,1696
1366,1785
663,1678
375,1508
117,1908
342,447
989,1714
146,320
1684,1934
433,1181
164,949
524,863
953,1536
262,743
1766,1794
590,1023
357,1009
171,1641
827,1423
1338,1938
744,1786
433,465
366,1030
632,637
1273,1656
167,1625
817,871
678,1326
348,353
95,1921
495,1539
1616,1824
77,114
1127,1394
784,1499
24,399
589,1275
31,52
304,372
237,290
133,694
102,777
453,1453
637,1071
786,1040
131,386
134,316
911,1233
859,1712
343,540
1102,1213
6,1443
802,1938
904,1647
377,743
907,1183
772,940
83,384
1117,1824
1256,1986
1881,1992
964,1474
1205,1238
744,1854
757,1516
1388,1819
587,1889
527,1654
300,1662
1716,1804
543,1719
984,1346
1796,1987
436,1960
471,1994
1252,1360
331,1060
338,1083
1928,1932
603,636
407,1339
49,608
1643,1979
375,1427
128,621
246,513
219,1525
535,1739
865,901
1364,1376
736,1486
599,612
1271,1991
1080,1094
848,1882
203,329
635,941
25,1305
233,1186
413,517
1256,1990
667,908
542,1916
502,1319
502,994
633,1833
194,1555
321,980
110,728
90,155
250,1179
344,721
707,1669
951,1050
1436,1703
69,1120
675,937
396,1232
1076,1312
1195,1872
1051,1896
1032,1873
659,1052
70,659
932,1036
136,1933
8,1828
384,1303
332,1519
1410,1589
108,223
95,876
209,1123
152,1971
567,1371
318,372
145,1056
221,810
612,1996
881,1332
144,1560
190,1386
130,366
1040,1939
143,779
417,1651
279,1747
600,632
154,1727
463,1482
688,846
956,1837
187,1728
370,919
1333,1415
131,1312
53,1004
200,1507
865,1258
420,922
852,1147
314,1531
46,1696
450,1375
623,1954
79,596
1686,1955
1116,1552
26,1357
930,1813
1062,1069
346,348
181,1724
1039,1891
6,1396
53,665
1019,1269
367,1340
258,1465
437,474
1440,1505
776,1759
83,994
921,1570
131,963
177,211
33,602
1225,1624
1165,1831
709,1953
782,942
809,1877
83,197
690,1382
1407,1876
580,1615
1215,1615
642,1501
637,1997
23,954
593,1696
1160,1998
1122,1866
94,1611
887,1348
292,1977
189,1830
361,944
456,1236
754,795
525,1321
88,876
278,711
1101,1332
1138,1472
858,1543
398,1789
1756,1865
39,1087
639,1781
765,1126
716,1081
1123,1571
465,1486
600,858
960,1449
967,1432
194,1675
883,1579
1751,1925
14,1541
482,847
829,1704
272,347
634,1468
1248,1429
900,1628
161,788
325,507
456,1291
69,254
392,1123
366,1922
627,958
311,677
106,989
1239,1886
473,719
1094,1835
1205,1548
1859,1950
1268,1297
1021,1437
1208,1550
856,883
360,877
1847,1903
692,825
310,1077
256,1062
451,1122
459,512
84,478
14,659
